ANNEE_ECHEANCE,MOIS_ECHEANCE,NUM_QUITTANCE,ID_BRANCHE,BRANCHE,ID_POLICE,ID_AGENT,SIT,NUM_AVN,MT_PNN,MT_TAXE,MT_PTT,MT_COMMISSION,MT_ACP,DATE_EMISSION,DATE_SITUATION
2021,10,QA00000028,1,AUTO,12497,121,2,1,535.56,144.76,680.32,93.929,87.691,2020-11-22,2024-02-16
2022,7,QA00000134,1,AUTO,4722,103,1,2,5431.66,1769.536,7201.196,1202.035,258.572,2022/03/07,2023-04-09
2024,1,QR00000415,2,IRDS,22297,131,1,5,28.353,5.137,33.49,2.836,8.928,2024-03-17,2023-08-01
2020,1,QA00000482,1,AUTO,8978,96,1,4,19221.041,4204.762,23425.803,2254.982,312.781,2019-06-29,2024-07-20
2020,4,QR00000525,2,IRDS,20341,169,1,4,106.942,12.315,119.257,8.51,16.497,2019-05-13,2024-02-12
2021,8,QR00000560,2,IRDS,21135,68,1,0,29.906,8.002,37.908,2.958,7.556,2021-03-08,2022-12-17
2025,7,QA00000763,1,AUTO,11711,34,2,3,543.436,146.723,690.159,63.365,42.046,2024-02-07,2024-04-26
2024,2,QA00000780,1,AUTO,19704,140,2,1,894.905,237.506,1132.411,170.642,233.029,2024-08-23,2024-10-24
2020,8,QA00000843,1,AUTO,2825,25,4,2,406.147,71.749,477.896,45.842,21.426,2020-02-20,2024-10-17
2024,7,QA00000935,1,AUTO,6003,124,4,1,262.006,93.582,355.588,58.528,106.392,2023-05-12,2022-01-21
2020,4,QA00000937,1,AUTO,8260,89,2,0,367.338,73.357,440.695,59.766,97.75,2019-05-26,2022-05-03
2022,12,QA00000990,1,AUTO,12016,58,1,2,352.375,90.526,442.901,52.162,69.68,2021-02-11,2022-10-19
2024,6,QA00001335,1,AUTO,6820,167,3,4,411.167,114.688,-525.855,77.721,-20.517,2023-12-02,2024-05-09
2025,12,QA00001409,1,AUTO,11940,114,1,4,32984.118,7188.942,40173.06,4839.349,11843.371,2025-01-11,2023-11-27
2020,3,QR00001432,2,IRDS,23533,136,1,1,685.452,166.788,852.24,111.482,209.047,2019-09-13,2022-10-01
2023,10,QR00001488,2,IRDS,22458,61,1,0,,7.97,7.97,0.77,2.17,2023-11-26,2024-04-25
2021,4,QA00001524,1,AUTO,4373,155,2,0,224.619,43.99,268.609,24.33,51.487,2021-05-31,2022-02-02
2022,1,QS00001557,3,SANTE,28167,48,2,1,15093.419,610.73,15704.149,995.433,4620.774,2022-06-02,2024-12-16
2020,2,QA00001570,1,AUTO,4839,149,2,3,349.908,73.739,423.647,53.307,10.465,2020-01-01,2023-03-01
2024,6,QA00001599,1,AUTO,5883,59,3,2,354.519,108.906,463.425,59.427,11.88,2024-07-22,2024-11-30
2023,2,QA00001655,1,AUTO,11440,105,1,3,530.841,95.902,626.743,57.151,9.23,2023-08-04,2022-10-27
2023,6,QA00001740,1,AUTO,13296,109,2,4,564.362,143.665,708.027,70.549,40.699,2023-11-07,2022-01-13
2019,12,QA00001924,1,AUTO,4717,103,4,4,117.751,37.121,154.872,14.701,38.073,2019-04-02,2024-01-24
2025,1,QR00001947,2,IRDS,22275,58,1,5,0.0,4.686,4.686,0.263,0.892,2024-11-15,11-11-2022
2022,2,QR00002128,2,IRDS,23563,69,1,1,24.132,7.969,32.101,2.046,2.311,2022-04-13,2024-06-11
2025,7,QA00002153,1,AUTO,17555,104,4,4,5309.535,1710.67,7020.205,926.49,1743.92,2025-05-27,
2020,10,QA00002191,1,AUTO,8552,107,3,1,205.442,64.633,270.075,32.26,65.452,2019-10-13,2024-11-24
2024,2,QA00002252,1,AUTO,7979,119,1,4,286.004,88.527,374.531,33.298,35.891,2024-05-15,2024-11-30
2021,10,QR00002319,2,IRDS,24201,50,2,2,220.441,22.052,242.493,29.483,48.247,2020-03-01,2022-02-20
2019,6,QA00002372,1,AUTO,7970,129,1,1,267.152,52.167,319.319,47.724,73.792,2018-09-03,2023-01-24
2024,3,QA00002471,1,AUTO,2117,24,3,4,8479.208,2295.306,10774.514,1729.873,1450.955,2024-09-27,2023-07-20
2020,8,QR00002551,2,IRDS,22103,18,2,4,144.418,33.609,178.027,23.365,23.911,2019-08-24,2023-01-25
2020,1,QA00002608,1,AUTO,18107,82,1,1,395.297,89.317,484.614,75.704,89.109,2020-02-07,2024-05-10
2021,7,QR00002615,2,IRDS,24848,10,4,5,56.293,9.81,66.103,9.181,4.278,2021-10-01,2023-09-10
2019,3,QR00002852,2,IRDS,20447,26,1,2,116.982,11.904,128.886,15.633,30.156,2019-01-13,2022-02-06
2020,10,QR00002867,2,IRDS,20874,36,4,5,44.354,9.43,53.784,3.21,3.407,2019-07-29,2024-01-24
2025,1,QR00003088,2,IRDS,24776,66,2,0,0.0,9.427,9.427,0.793,0.211,2024-12-24,2022-02-15
2024,11,QR00003111,2,IRDS,22842,19,1,4,0.0,5.219,5.219,0.481,0.772,2023-03-25,2022-01-01
2020,8,QA00003118,1,AUTO,8961,67,4,4,,43.767,154.509,27.387,34.127,2018-12-31,2022-06-04
2024,1,QS00003240,3,SANTE,28072,89,1,3,18052.331,997.322,19049.653,1351.479,4535.892,2024-03-16,2022-05-09
2019,5,QR00003257,2,IRDS,22293,19,4,1,63.788,9.317,73.105,4.747,21.259,2019-05-28,2024-11-30
2022,9,QA00003357,1,AUTO,10819,122,3,5,-221.701,49.759,271.46,31.206,60.911,2021-07-24,2022-09-30
2024,2,QA00003381,1,AUTO,10120,102,1,3,229.914,59.89,289.804,33.513,49.62,2023-05-09,2022-04-21
2019,8,QS00003539,3,SANTE,29954,175,4,2,16568.32,606.653,17174.973,1539.413,1488.583,2019-04-17,2024-03-03
2019,6,QA00003865,1,AUTO,10759,198,1,2,,87.721,510.337,54.984,97.778,2019-05-12,2024-12-21
2023,12,QA00003942,1,AUTO,4084,94,1,5,343.799,72.303,416.102,35.744,111.57,2022-09-21,2023-03-03
2024,12,QR00004071,2,IRDS,25397,89,4,4,0.0,8.551,8.551,0.432,1.641,2024-06-21,2023-10-13
2025,6,QA00004100,1,AUTO,790,185,4,0,436.548,90.959,527.507,45.432,33.012,2025-03-22,2022-04-27
2022,5,QA00004172,1,AUTO,1215,33,2,5,742.484,149.779,892.263,,45.866,2022-01-18,2024-10-30
2019,3,QA00004273,1,AUTO,13220,61,2,1,346.667,119.875,466.542,54.19,97.452,2019-03-26,2024-01-27
2022,9,QR00004316,2,IRDS,26358,132,1,0,19.25,5.011,24.261,3.126,5.499,2021-02-24,2022-07-27
2021,6,QA00004537,1,AUTO,16161,34,3,2,385.048,86.441,471.489,77.738,141.31,2020-04-27,2024-08-15
2021,12,QA00004658,1,AUTO,10658,178,3,5,264.806,67.094,331.9,35.958,98.127,2020-03-22,2024-09-05
2021,9,QA00004674,1,AUTO,17174,41,1,0,255.172,51.881,307.053,28.211,31.09,2020-06-03,2023-11-07
2024,12,QA00004973,1,AUTO,10046,104,1,0,326.224,75.822,402.046,58.045,54.548,2024-11-28,2023-06-10
2025,2,QA00005002,1,AUTO,16725,71,1,0,3090.325,1016.62,4106.945,431.172,876.253,2025-01-19,2023-04-30
2022,1,QR00005040,2,IRDS,25654,169,2,0,0.0,8.43,8.43,0.467,2.36,2022-09-09,2024-07-09
2023,11,QA00005079,1,AUTO,515,179,3,1,17412.341,5308.661,22721.002,2798.859,510.332,2022-06-29,2024-12-10
2019,8,QA00005090,1,AUTO,16479,18,2,2,171.599,58.393,229.992,31.842,17.347,2019-04-08,2022-10-31
2025,2,QA00005112,1,AUTO,15261,56,3,1,129.791,48.021,177.812,18.122,6.688,2025-09-04,2022-01-24
2021,6,QA00005177,1,AUTO,10179,49,1,5,44.682,18.45,63.132,10.266,8.496,2020-02-18,2022-07-18
2024,5,QA00005179,1,AUTO,14979,144,2,0,3214.763,698.188,3912.951,329.294,577.811,2024-09-03,2023-08-31
2025,1,QS00005206,3,SANTE,29575,55,4,0,40208.264,2396.975,42605.239,1965.6,11811.405,2024-11-18,2023-03-23
2025,11,QA00005228,1,AUTO,10948,40,4,0,926.81,278.42,1205.23,206.311,124.735,2025-07-17,2024-05-01
2021,11,QR00005476,2,IRDS,21380,128,1,1,40.91,5.979,46.889,4.144,4.572,2021-07-18,2023-11-30
9999,2,QA00005513,1,AUTO,15805,59,4,2,496.647,117.952,614.599,70.676,173.676,,2023-10-06
2020,2,QA00005582,1,AUTO,13198,47,1,3,332.972,70.638,403.61,68.16,58.35,2019-08-07,2023-08-29
2024,12,QA00005627,1,AUTO,7097,57,1,3,320.522,67.068,,35.094,7.47,2023-08-31,2024-05-09
2022,2,QA00005631,1,AUTO,1796,93,1,0,727.081,251.979,979.06,160.127,267.896,2022-06-16,2024-09-28
2025,6,QA00005660,1,AUTO,14608,137,3,5,,187.663,936.521,146.809,108.371,2024-07-14,2024-12-05
2025,3,QA00005760,1,AUTO,1419,183,3,1,377.382,116.922,494.304,68.756,101.971,2025-02-16,2023-04-09
2021,6,QA00005818,1,AUTO,14913,154,4,0,251.416,62.532,313.948,33.888,29.158,2021-03-19,2022-03-29
2025,10,QA00005957,1,AUTO,1759,137,1,0,296.13,79.695,375.825,55.087,63.336,2025-04-27,2023-01-27
2021,10,QA00005980,1,AUTO,17585,42,1,5,331.312,101.43,432.742,70.062,96.226,2021-10-23,2022-08-29
2019,9,QA00006023,1,AUTO,8331,119,2,0,402.993,87.424,490.417,59.461,47.363,2018-01-11,2023-05-13
2022,10,QA00006071,1,AUTO,7156,132,1,1,400.582,101.9,502.482,85.526,48.866,2021-11-28,2022-03-03
2024,7,QA00006098,1,AUTO,6445,168,1,2,230.18,75.379,305.559,43.31,30.917,2023-08-16,2023-06-10
2022,11,QA00006123,1,AUTO,7193,135,1,3,690.006,194.016,884.022,74.382,46.157,2021-03-29,2024-04-12
2024,10,QA00006159,1,AUTO,2917,124,1,0,12412.883,3259.388,15672.271,1958.499,4327.449,2022-12-18,2023-06-02
2024,5,QS00006230,3,SANTE,28901,86,1,4,11028.832,391.648,11420.48,660.23,401.104,2024-12-04,2024-12-26
2020,5,QA00006281,1,AUTO,7557,163,1,3,382.116,76.669,458.785,62.882,81.148,2020-12-05,2024-01-20
2024,10,QR00006297,2,IRDS,20613,154,1,4,0.0,7.7,7.7,0.613,0.839,2023-05-14,2023-07-21
2020,7,QA00006695,1,AUTO,15516,55,1,1,,62.149,,29.247,3.745,2020-07-06,2022-06-03
2019,10,QA00006744,1,AUTO,16767,138,4,1,608.047,106.934,714.981,,90.406,2018-11-30,2024-08-18
2020,1,QA00006751,1,AUTO,18637,39,1,1,341.777,90.966,432.743,65.344,2.809,2019-12-01,2022-10-29
2022,3,QR00006817,2,IRDS,26706,11,4,3,651.989,187.799,839.788,124.994,1.741,2021-12-30,2023-12-01
2024,4,QA00006952,1,AUTO,14844,89,2,3,412.238,147.136,559.374,89.921,66.783,2024-05-28,2023-03-24
1900,10,QA00006975,1,AUTO,264,135,2,3,249.771,86.742,-336.513,29.373,79.34,2024-11-30,2023-11-20
2019,9,QA00007132,1,AUTO,8802,18,1,1,665.659,160.777,826.436,88.12,20.536,2018-06-12,2022-08-30
2023,6,QA00007135,1,AUTO,15371,131,3,1,193.912,35.509,229.421,35.925,7.681,2022-08-18,2022-05-31
2023,2,QA00007148,1,AUTO,8450,137,1,0,247.376,69.933,317.309,54.035,3.214,2022-03-21,2022-06-03
2020,7,QA00007286,1,AUTO,18145,57,2,2,238.332,54.829,293.161,26.063,61.274,2020-06-21,2024-06-29
2023,6,QR00007300,2,IRDS,26911,68,1,3,0.0,8.877,8.877,0.694,0.784,2022-03-31,2022-04-10
2022,4,QR00007320,2,IRDS,25397,89,1,0,0.0,5.216,5.216,0.315,1.108,2021-12-13,2022-07-18
0,11,QA00007367,1,AUTO,14345,164,4,3,188.575,64.001,252.576,41.336,19.781,2021-05-20,2022-09-14
2020,6,QR00007401,2,IRDS,21257,72,4,0,30.126,6.165,36.291,3.685,3.918,2019-08-15,2023-03-08
2023,6,QR00007432,2,IRDS,22590,91,2,1,305.504,99.481,404.985,22.789,78.453,2023-11-23,2024-09-08
2021,2,QR00007459,2,IRDS,25065,134,1,1,75.459,31.925,107.384,8.7,1.08,2020-09-19,2023-07-14
9999,3,QR00007475,2,IRDS,21234,13,1,5,69.513,7.782,77.295,9.05,16.638,2024-02-19,2022-03-23
2024,6,QA00007543,1,AUTO,19572,15,1,4,125.281,39.464,-164.745,16.932,-35.039,,2023-01-29
2023,3,QA00007587,1,AUTO,17663,117,1,2,22427.73,7041.356,29469.086,3468.62,2924.267,2022-07-07,2024-04-21
2022,5,QA00007593,1,AUTO,5501,179,2,0,585.622,103.576,689.198,87.944,107.704,2022-04-11,2024-07-18
2019,3,QR00007682,2,IRDS,24883,54,1,5,,122.61,714.003,57.168,129.617,2018-11-03,2024-05-16
2023,10,QA00007717,1,AUTO,14556,106,1,0,386.934,62.517,449.451,78.601,66.948,2023-10-20,2022-12-18
2020,9,QA00007848,1,AUTO,8018,32,1,0,,68.903,253.339,35.73,25.374,2020-08-12,2022-10-20
2024,8,QA00007857,1,AUTO,15594,72,1,0,331.121,65.224,396.345,50.783,49.498,2023-12-18,2024-10-15
2020,3,QS00007923,3,SANTE,28190,31,3,3,43378.125,2200.46,45578.585,2204.862,7467.033,,2022-02-28
2022,2,QA00007947,1,AUTO,4131,172,3,0,689.062,174.331,863.393,69.522,8.634,2022-09-05,2023-04-07
2024,5,QA00008079,1,AUTO,1480,164,1,4,290.67,87.225,377.895,66.007,73.356,2023-01-01,2023-08-05
2020,4,QR00008108,2,IRDS,22550,70,3,4,500.476,139.518,639.994,70.012,150.071,2020-01-27,2024-09-12
2022,10,QA00008276,1,AUTO,19138,45,1,2,215.875,63.086,278.961,33.832,31.241,2021-05-17,2022-07-25
2024,6,QR00008331,2,IRDS,26733,134,2,5,773.332,221.064,994.396,104.7,185.689,2024-01-29,2024-07-02
2025,6,QA00008341,1,AUTO,15253,18,3,4,837.216,207.353,1044.569,112.598,107.951,2024-12-25,2024-08-05
2023,9,QA00008405,1,AUTO,15838,58,1,5,396.244,70.599,466.843,83.252,24.552,2022-10-31,2022-07-20
2021,1,QS00008445,3,SANTE,28943,29,3,4,20463.652,1096.029,21559.681,1045.001,1578.934,2020-02-23,2024-03-15
2021,6,QR00008448,2,IRDS,26611,140,1,5,257.51,84.686,342.196,19.634,35.141,2020-12-21,2024-10-22
2022,3,QA00008641,1,AUTO,5971,87,1,0,337.648,82.055,51438.85442461232,68.682,85.831,2021-02-25,2024-07-15
2023,2,QR00008674,2,IRDS,22704,191,3,4,0.0,3.036,3.036,0.331,0.827,2023-10-07,2024-04-04
2022,11,QA00008764,1,AUTO,12263,99,1,1,429.861,82.722,512.583,78.014,57.662,2021-04-05,2023-03-17
2025,11,QA00008981,1,AUTO,14479,23,4,0,333.153,83.801,416.954,71.642,51.806,2025-01-28,2024-10-11
2024,11,QA00009147,1,AUTO,5830,191,4,1,1606.714,434.368,2041.082,241.088,127.822,2024-09-25,2022-10-27
2020,6,QR00009193,2,IRDS,26896,166,1,4,14.988,10.679,25.667,2.901,2.781,2020-06-23,2023-08-22
2024,12,QR00009314,2,IRDS,21349,149,1,2,0.0,9.297,9.297,0.521,1.666,2024-03-09,2023-04-07
2020,7,QR00009410,2,IRDS,21323,193,4,4,50.107,7.89,57.997,3.749,12.377,2020-07-29,2023-11-09
2021,9,QR00009432,2,IRDS,20407,152,2,0,0.0,6.689,6.689,0.675,0.04,2020-10-29,2023-07-24
2021,5,QA00009551,1,AUTO,1212,15,1,3,291.158,80.377,371.535,54.881,61.957,2020-10-12,2022-07-09
2022,2,QS00009690,3,SANTE,29635,107,1,5,62378.896,2520.44,64899.336,5612.639,537.889,2021-08-23,2024-04-29
2023,5,QR00009760,2,IRDS,24575,151,4,2,199.482,68.113,267.595,35.744,21.58,2022-06-01,2024-11-21
2022,10,QA00009792,1,AUTO,6748,55,1,5,782.023,153.536,935.559,96.119,237.68,2021-08-12,2023-08-11
2024,6,QA00009844,1,AUTO,16147,189,2,0,177.777,36.254,214.031,20.654,9.904,2024-04-15,2024-01-31
2024,8,QR00010064,2,IRDS,23866,31,4,5,182.69,17.983,200.673,24.176,23.149,2024-10-30,2024-04-06
2021,3,QA00010094,1,AUTO,6609,167,1,4,395.889,87.157,483.046,41.804,32.455,2021-04-15,07-03-2023
2021,5,QA00010425,1,AUTO,15951,73,1,0,408.451,98.466,37841.59586015457,80.512,11.458,2021-07-02,2023-06-19
2021,8,QA00010520,1,AUTO,17472,53,1,3,683.725,189.374,873.099,128.142,150.289,2021-10-13,2022-02-02
2025,11,QA00010554,1,AUTO,14052,31,1,0,276.165,64.362,340.527,53.548,4.45,2025-05-26,2022-04-28
2025,9,QA00010696,1,AUTO,11498,74,1,5,40342.644,42.116,288.558,30.104,6.283,2025-01-13,2023-12-12
2023,7,QS00010740,3,SANTE,29840,79,2,1,78753.44,3936.529,82689.969,4581.015,21303.149,2022-11-09,2024-12-26
2025,9,QR00010745,2,IRDS,26804,115,1,0,153.859,37.066,190.925,16.043,34.804,2024-11-07,2022-08-05
2024,9,QA00010823,1,AUTO,1737,56,2,2,272.543,51.422,323.965,56.23,77.396,2024-04-27,2022-07-25
2021,9,QA00010827,1,AUTO,19602,166,1,0,1122747.658,3287.195,13574.174,2412.734,1192.178,2020-07-11,2022-08-06
2024,3,QA00010887,1,AUTO,6817,13,1,2,682.637,165.398,848.035,95.883,172.653,2024-11-11,2024-10-08
2021,1,QR00010922,2,IRDS,27915,8,1,3,0.0,3.884,3.884,0.49,0.335,2021-07-05,2024-12-19
2025,3,QA00010956,1,AUTO,13880,74,3,4,6623.356,1563.559,8186.915,1359.749,2238.766,2024-10-05,2023/09/12
2023,7,QR00010996,2,IRDS,20780,90,1,4,161.478,29.651,191.129,12.843,49.877,2022-08-23,2023-01-13
2023,5,QA00011046,1,AUTO,4680,194,3,1,514.702,148.08,662.782,69.271,4.83,2023-05-08,2024-04-25
2019,2,QA00011282,1,AUTO,19997,182,2,5,113.883,24.703,-138.586,14.101,-9.037,2019-02-06,2023-02-12
2023,1,QA00011445,1,AUTO,18927,132,3,2,810.513,232.526,1043.039,102.717,214.369,2023-06-05,2023-07-05
2025,11,QA00011449,1,AUTO,5827,76,1,5,325.358,66.199,391.557,32.869,113.191,2025-04-28,2024-08-27
2021,10,QR00011453,2,IRDS,23647,74,3,4,12.669,5.332,,1.079,1.164,2021-10-22,2023-03-20
2021,5,QR00011461,2,IRDS,22004,167,3,5,558.431,158.455,716.886,80.389,16.206,2021-06-17,2023-02-12
2019,8,QR00011465,2,IRDS,27326,177,3,5,0.0,7.95,7.95,0.773,0.003,2018-04-27,2023-09-16
2021,8,QA00011606,1,AUTO,2398,132,1,3,203.507,46.212,249.719,34.648,51.73,2020-10-18,2023-11-09
2021,11,QA00011679,1,AUTO,7130,91,3,3,348.722,92.91,441.632,43.262,115.222,2020-08-02,2022-10-25
2023,3,QA00011685,1,AUTO,282,182,1,2,758.682,213.438,972.12,107.696,79.238,2022-07-09,2024-04-27
2023,10,QA00011762,1,AUTO,16459,157,2,5,-12020.781,2845.44,14866.221,2566.397,2407.796,2022-07-30,
2023,2,QA00011775,1,AUTO,8091,34,4,2,375.566,93.402,468.968,83.641,57.059,2023-01-09,2024-07-21
9999,3,QA00011778,1,AUTO,7409,153,1,0,,4009.554,21760.374,2244.499,6163.137,2022-03-21,2024-06-17
2025,7,QA00012077,1,AUTO,8145,39,1,3,42.152,20.58,62.732,9.019,4.262,2025-02-11,2022-05-26
2021,2,QA00012107,1,AUTO,18887,127,3,5,627.773,181.466,809.239,87.619,213.222,2021-02-20,2024-02-29
2022,1,QA00012197,1,AUTO,2500,110,1,4,702.614,199.578,902.192,144.486,224.112,2021-01-31,2023-03-24
2019,3,QR00012231,2,IRDS,22330,50,1,3,136.748,31.5,168.248,17.924,6.211,2018-02-25,2023-05-15
9999,4,QA00012380,1,AUTO,7767,192,3,0,536.186,107.015,643.201,96.415,98.203,2021-06-02,2024-12-03
2024,11,QR00012524,2,IRDS,20900,17,3,3,867.639,188.239,1055.878,65.239,109.058,2024-02-05,2024-03-15
2020,9,QA00012608,1,AUTO,13028,21,1,4,841.87,186.015,1027.885,180.82,23.34,2019-06-27,2023-09-25
2022,6,QR00012634,2,IRDS,21842,31,1,1,206.817,64.207,271.024,31.5,34.418,2020-12-27,2022-06-07
2022,7,QR00012681,2,IRDS,23270,142,4,2,193.103,16.014,209.117,18.552,49.558,2022-07-21,2024-11-19
2021,3,QA00012704,1,AUTO,10066,14,2,3,4614.943,1439.879,6054.822,1047.071,607.842,2021-05-09,2024-05-03
2023,2,QA00012705,1,AUTO,14572,69,1,3,338.559,97.265,435.824,51.136,36.931,2023-01-31,2022-04-01
2024,11,QA00013015,1,AUTO,11480,53,1,5,429.813,99.829,529.642,57.938,127.467,2024-04-01,2022-02-10
2020,7,QA00013177,1,AUTO,485,28,3,4,279.347,58.279,337.626,50.031,37.323,2020-11-08,2022-06-02
2025,7,QA00013183,1,AUTO,16720,190,1,5,326.872,82.212,409.084,63.687,110.426,2024-01-06,2024-12-06
2025,7,QR00013186,2,IRDS,23298,184,1,0,278.743,78.94,357.683,45.365,41.618,2024-08-13,2024-06-20
2020,6,QR00013346,2,IRDS,20576,85,1,2,0.0,8.629,8.629,0.526,1.148,2019-12-19,2023-09-25
2025,1,QS00013373,3,SANTE,28950,131,2,2,42946.77,1518.346,44465.116,2581.218,7757.119,2024-06-05,2023-06-25
2022,12,QA00013428,1,AUTO,13566,96,4,2,8575.301,2559.443,11134.744,1791.029,2020.132,2022-08-24,2023-07-11
2019,8,QR00013430,2,IRDS,24048,136,1,4,29.144,4.408,33.552,2.756,9.691,2019-05-31,2023-09-14
2025,6,QS00013474,3,SANTE,28133,66,2,5,28646.03,1426.538,30072.568,2492.345,3337.494,2024-03-04,2024-01-17
2025,6,QA00013545,1,AUTO,19875,38,2,2,219.936,75.812,295.748,35.515,74.001,2025-11-13,2023-02-10
2022,1,QA00013637,1,AUTO,6957,60,1,2,111.88,29.045,140.925,24.094,18.023,2022-06-24,2023-04-24
2019,9,QR00013719,2,IRDS,22015,146,4,2,34.679,11.304,45.983,6.872,5.889,2018-02-14,2022-05-04
2019,3,QA00013837,1,AUTO,294,107,1,5,475.948,140.707,616.655,74.382,63.243,2018-08-09,2022-08-16
2024,6,QA00013889,1,AUTO,17599,137,1,5,7695.356,1974.74,9670.096,1709.805,2184.764,2024-12-05,2023-02-08
2022,9,QA00013896,1,AUTO,5107,191,1,0,,51.344,65015.044652350705,35.868,15.129,2021-02-05,2023-05-13
2025,5,QA00013906,1,AUTO,1214,112,1,4,61.432,28.199,89.631,15.058,0.547,2024-11-01,2022-12-22
2019,4,QR00013924,2,IRDS,22225,117,4,0,122.232,9.914,-132.146,13.796,14.56,2018-11-07,2024-07-15
2021,2,QS00013933,3,SANTE,29165,192,2,4,38480.736,1266.034,39746.77,2466.008,202.022,2020-01-30,2024-04-22
2020,10,QA00013988,1,AUTO,15887,106,3,4,6466.436,1794.467,-8260.903,804.964,762.484,2020-03-21,2024-10-31
2020,2,QS00014011,3,SANTE,28089,87,1,4,32379.2,1258.064,33637.264,1981.415,1836.208,2019-09-21,2023-06-01
2021,11,QR00014046,2,IRDS,26588,130,2,3,56.801,12.281,69.082,7.179,18.013,2021-10-16,2023-03-06
2019,7,QA00014073,1,AUTO,445,124,1,5,164.235,39.531,203.766,29.489,17.388,2019-11-05,
2020,4,QS00014097,3,SANTE,29948,40,1,0,19405.235,801.98,20207.215,,1303.278,2019-12-14,2024-10-27
2023,10,QR00014110,2,IRDS,20216,57,1,4,0.0,3.09,3.09,0.317,0.281,2022-12-12,2023-02-28
2024,2,QR00014348,2,IRDS,22702,27,4,4,103.184,10.515,113.699,15.915,21.075,2023-10-31,2022-03-12
2020,7,QR00014503,2,IRDS,25698,153,3,0,0.0,6.647,6.647,0.702,1.615,2019-06-15,2022-03-04
2019,4,QR00014538,2,IRDS,22911,28,1,0,16.609,10.61,27.219,2.773,3.132,2018-12-14,2022-03-02
2019,1,QR00014651,2,IRDS,22091,28,4,5,0.0,9.741,9.741,,2.845,2018-09-13,2023-01-03
2019,9,QA00014922,1,AUTO,9177,160,1,3,178.374,45.05,223.424,20.063,8.176,2019-06-27,2022-03-14
2024,3,QA00015018,1,AUTO,18461,101,1,4,380.52,85.111,465.631,72.605,4.291,2023-04-29,2022-10-28
2019,6,QA00015067,1,AUTO,15759,97,2,1,197.4,52.983,250.383,33.477,6.555,2019-08-06,2023-01-16
2024,8,QA00015090,1,AUTO,18288,183,4,2,143.986,33.7,177.686,20.749,32.229,2023-10-27,2022-01-24
2019,6,QA00015168,1,AUTO,9130,65,1,0,295.803,96.328,392.131,,99.192,2018-01-28,2024-05-15
2023,2,QA00015191,1,AUTO,18787,69,4,2,97.062,36.943,134.005,17.431,27.784,2023-01-29,2023-02-01
2022,8,QA00015232,1,AUTO,12633,22,1,5,933.512,270.546,1204.058,164.894,206.603,2022-11-28,2023-10-11
2022,6,QA00015246,1,AUTO,19848,99,1,0,1057.301,270.573,1327.874,166.765,306.289,2021-12-30,2024-10-14
2019,7,QA00015379,1,AUTO,3360,87,1,5,1692.126,523.738,2215.864,209.964,466.475,2018-01-08,2024-03-14
2021,12,QA00015438,1,AUTO,8307,89,1,3,487.939,126.644,614.583,70.044,174.411,2021-06-06,2024-12-01
2025,5,QA00015490,1,AUTO,16085,173,1,2,233.571,56.82,290.391,34.22,20.568,2024-09-01,2022-08-31
2025,3,QA00015560,1,AUTO,3530,48,2,5,585.514,95.846,681.36,84.741,175.644,2025-01-29,2022-01-26
2025,5,QA00015725,1,AUTO,15501,55,4,1,11942.775,3878.303,15821.078,1612.321,2811.614,2024-08-26,
2019,7,QA00015828,1,AUTO,6439,50,1,5,121.235,26.176,147.411,12.749,5.152,2019-03-09,2024-05-21
2025,11,QR00015905,2,IRDS,24718,112,2,1,0.0,7.645,7.645,0.765,1.785,2025-10-02,2023-04-23
2025,9,QA00016048,1,AUTO,7082,92,1,2,412.61,106.704,519.314,70.417,40.333,2025-03-28,2023-06-19
9999,2,QA00016050,1,AUTO,10220,107,1,0,272.952,82.49,355.442,48.243,99.091,2023-10-26,2023-06-29
2019,12,QR00016120,2,IRDS,20790,65,2,5,129.531,16.021,145.552,9.583,9.349,2019-10-26,2024-04-02
2020,1,QA00016160,1,AUTO,13643,40,1,4,394.209,86.367,480.576,80.305,91.251,2020-05-11,2023-02-22
2020,3,QR00016183,2,IRDS,24605,150,1,4,94.593,12.161,106.754,6.039,2.115,2019-10-04,2022-04-12
2025,7,QA00016224,1,AUTO,16830,184,2,3,302.075,56.717,358.792,32.68,69.887,2024-02-10,2024-02-17
2021,4,QS00016228,3,SANTE,29334,15,2,1,11790.233,707.943,12498.176,951.75,1892.264,2020-11-14,2023-08-15
2021,10,QA00016305,1,AUTO,4855,47,3,3,243.945,32.451,276.396,41.139,44.261,2021-06-26,2022-05-24
2025,7,QA00016367,1,AUTO,2512,129,1,5,43.549,26.985,70.534,6.266,9.713,2024-02-19,2022-03-04
2021,7,QA00016665,1,AUTO,11708,159,1,2,382.056,108.151,490.207,79.175,119.734,2021-06-27,2022-12-06
2024,12,QA00016741,1,AUTO,6877,22,1,4,369.703,110.859,480.562,55.594,84.01,2023-01-11,2022-11-27
2020,8,QS00016818,3,SANTE,28123,175,1,0,39919.776,1832.04,41751.816,3629.665,690.594,2019-05-23,2023-08-06
2023,12,QA00016856,1,AUTO,8674,65,3,2,152.474,34.804,187.278,15.366,56.15,2022-03-05,2023-08-23
2024,4,QA00016873,1,AUTO,11980,25,1,0,235.416,61.404,296.82,38.539,72.018,2024-10-13,2022-06-04
2025,8,QR00016886,2,IRDS,25595,107,1,5,361.158,110.184,471.342,49.706,129.786,2025-12-12,2023-01-22
2025,3,QA00016977,1,AUTO,14277,80,1,5,7427.029,1890.488,9317.517,952.068,160.071,2024-07-03,2024-12-04
2024,3,QS00017088,3,SANTE,28966,81,4,2,32363.468,1454.626,-33818.094,2598.436,2726.571,2024-01-24,2023-09-24
2022,12,QA00017134,1,AUTO,2472,97,4,3,97.113,33.641,130.754,23.032,0.191,2022-11-23,2022-10-30
2024,8,QA00017149,1,AUTO,10239,31,1,2,271.722,55.955,327.677,40.405,88.682,2024-05-07,2023-07-28
2021,4,QR00017206,2,IRDS,26870,53,4,0,378.36,24.071,,59.938,39.491,2020-12-28,2023-10-14
2021,11,QR00017297,2,IRDS,23717,172,2,0,44.428,7.099,51.527,5.536,12.552,2021-04-24,2022-04-22
2024,12,QA00017340,1,AUTO,11197,160,4,5,7554.099,2110.839,9664.938,1024.56,2837.508,2023-07-04,2023-10-05
2021,9,QA00017380,1,AUTO,18649,20,3,4,463.425,74.425,537.85,78.193,120.993,2020-08-16,2022-09-08
2023,1,QR00017407,2,IRDS,21700,62,2,4,0.0,5.486,5.486,0.415,0.28,2022-07-24,2024-09-04
2022,5,QR00017550,2,IRDS,21851,37,3,1,92.578,10.063,102.641,10.668,18.308,2022-05-19,2023-03-22
2022,6,QR00017569,2,IRDS,20186,198,3,0,0.0,4.98,,0.48,0.558,2021-03-10,2024-07-20
2024,3,QA00017572,1,AUTO,2777,171,2,4,395.339,101.08,496.419,61.8,137.293,2023-09-19,2022-06-07
2021,5,QA00017593,1,AUTO,16117,14,3,2,243.595,78.53,322.125,32.376,80.607,2020-11-11,2022-02-03
2022,8,QA00017751,1,AUTO,13521,28,1,2,267.283,80.753,348.036,46.736,61.676,13-05-2022,2022-12-06
2023,9,QA00017756,1,AUTO,864,40,2,0,358.377,76.614,434.991,63.399,111.429,2023-11-06,2024-05-24
2020,9,QR00017925,2,IRDS,25332,88,2,5,39.341,6.329,45.67,4.015,5.633,2020-07-18,2024-02-02
2020,2,QR00017943,2,IRDS,22290,106,2,4,81.505,7.885,89.39,5.14,23.37,2020-06-15,2022-04-21
2024,4,QR00018147,2,IRDS,20785,4,1,4,374.397,94.138,468.535,37.163,27.777,2024-08-29,2023-06-16
2021,9,QA00018314,1,AUTO,1753,121,1,2,164.049,42.507,206.556,23.757,40.629,2021-11-11,2023-10-23
2022,9,QA00018511,1,AUTO,1620,167,4,0,227.264,66.893,294.157,47.505,29.004,2021-05-20,2023/09/28
2022,10,QA00018673,1,AUTO,6984,171,1,1,,149.576,857.226,,105.897,2021-07-13,2023-07-17
2022,5,QA00018692,1,AUTO,14836,160,2,3,466.923,89.845,556.768,91.082,0.635,2021-03-23,2023-09-05
2022,6,QA00018809,1,AUTO,9576,104,2,4,242.109,68.718,310.827,55.379,54.629,2022-05-16,2023-05-12
2023,11,QA00018885,1,AUTO,13621,171,1,1,150.414,50.536,200.95,26.293,53.609,2022-01-06,2022-08-10
2020,4,QA00018980,1,AUTO,15219,126,3,5,514.094,165.693,679.787,60.855,88.057,2019-10-20,2024-03-03
2025,1,QA00019038,1,AUTO,18241,173,3,4,18493.886,5257.637,23751.523,3960.32,1701.792,2024-11-07,2024-02-11
2022,3,QA00019042,1,AUTO,575,134,1,0,248.107,61.413,309.52,28.124,68.287,2022-03-21,2022-08-21
2025,4,QA00019115,1,AUTO,1870,40,2,2,802.452,255.288,1057.74,120.973,128.638,2025-02-06,2024-01-17
2020,5,QA00019289,1,AUTO,11703,77,2,4,393.017,118.333,511.35,59.009,45.845,2019-11-12,2024-01-16
2023,5,QA00019328,1,AUTO,15526,111,1,5,659.926,187.699,847.625,87.386,17.365,2022-08-20,2024-06-05
2019,12,QA00019462,1,AUTO,19411,90,1,2,159.051,33.954,193.005,28.537,44.582,2019-09-28,2023-04-19
2023,6,QA00019576,1,AUTO,10948,40,3,4,439.369,97.987,537.356,73.578,110.473,2021-12-25,2022-12-07
2025,9,QR00019596,2,IRDS,23987,101,2,5,210.896,66.19,277.086,34.64,59.151,2024-07-27,2023-10-02
2023,10,QA00019650,1,AUTO,2848,170,1,1,384.511,82.592,467.103,60.309,9.911,2023-06-08,2022-12-23
2025,6,QR00019832,2,IRDS,21601,139,1,1,74.753,10.216,84.969,4.615,1.622,2024-07-14,2024-11-19
2022,2,QA00019865,1,AUTO,22,166,1,2,556.448,152.912,709.36,117.972,192.722,2022-01-22,2022-07-07
2024,9,QR00019981,2,IRDS,20218,22,4,3,100.638,14.159,114.797,17.105,31.639,2023-02-07,2024-12-10
2020,4,QA00019991,1,AUTO,9289,192,1,4,124.118,39.012,163.13,14.446,27.777,2018-12-27,2024-11-18
2019,11,QA00020045,1,AUTO,9091,97,4,3,1123.794,298.199,1421.993,174.58,302.406,2018-01-21,2023-06-04
2025,7,QA00020217,1,AUTO,556,87,1,3,148.804,42.876,191.68,18.954,45.834,2024-06-28,2023-01-29
2025,7,QA00020304,1,AUTO,17375,70,3,1,594.813,150.016,744.829,118.609,209.65,2024-09-28,2023-02-01
2022,3,QA00020351,1,AUTO,14613,26,1,0,895.779,251.667,1147.446,204.207,170.119,2022-09-29,2023-03-17
2023,3,QA00020352,1,AUTO,17692,9,1,3,128.588,34.173,162.761,20.68,1.824,2023-03-18,2022-08-31
2022,12,QA00020390,1,AUTO,19331,181,2,2,195.849,61.329,257.178,44.809,34.497,2021-06-08,2024-04-17
2024,10,QA00020496,1,AUTO,2502,7,1,1,298.005,80.114,378.119,46.757,19.575,2023-07-26,2023-12-21
2021,4,QR00020592,2,IRDS,22989,58,1,0,70.195,12.475,82.67,11.245,14.99,2019-12-21,2024-10-04
2022,5,QA00020942,1,AUTO,5204,3,4,5,440.764,94.07,534.834,52.23,101.057,2022-06-10,2023-01-21
2022,5,QA00020955,1,AUTO,1470,38,1,2,358.917,99.931,458.848,58.456,82.505,2022-03-28,2023-12-05
2025,10,QR00021229,2,IRDS,27762,16,1,2,342.692,85.837,428.529,53.072,90.943,2024-12-15,2023-08-03
2021,9,QA00021354,1,AUTO,1137,78,1,1,317.525,84.503,62460.728,32.837,18372.008,2020-05-13,2024-02-11
2020,4,QA00021529,1,AUTO,17821,155,1,2,222.391,69.825,292.216,30.481,46.176,2019-01-07,2022-03-16
2022,3,QA00021555,1,AUTO,8899,41,2,1,9543.556,2045.886,11589.442,1494.196,730.866,2021-12-03,2023-08-22
2024,4,QA00021623,1,AUTO,17442,5,3,2,12993.628,3961.755,16955.383,2387.348,2221.657,2024-02-07,2023-01-27
2019,2,QA00021668,1,AUTO,17490,113,1,3,554.411,178.619,733.03,123.733,172.958,2018-09-17,2023-12-24
2021,12,QA00021683,1,AUTO,14742,17,3,2,-239.621,47.597,287.218,47.481,47.128,2021-10-24,2022-02-20
2020,2,QR00021719,2,IRDS,25384,172,4,4,97.2,11.763,108.963,13.072,14.461,2020-06-08,2024-02-12
2020,11,QR00021797,2,IRDS,26538,109,3,2,,20.476,236.961,14.647,21.584,2019-04-22,2024-06-15
2023,7,QA00021807,1,AUTO,14357,14,2,0,287.139,49.447,336.586,31.989,33.535,2022-05-10,2023-01-13
2024,12,QR00021831,2,IRDS,27573,183,3,1,60.171,10.799,70.97,6.579,19.448,2023-07-23,2024-07-31
2020,3,QA00021844,1,AUTO,1723,12,3,3,25.469,18.775,44.244,7.273,1.76,,28-08-2024
2024,4,QA00021845,1,AUTO,3589,45,4,4,3723.04,906.147,4629.187,649.894,1022.482,2023-01-01,2022-06-26
2019,1,QA00021852,1,AUTO,2071,126,4,1,383.717,96.903,480.62,49.23,12.105,2019-12-05,2024-09-19
2024,11,QA00021957,1,AUTO,11223,27,1,0,198.293,54.034,252.327,26.581,7.824,2023-12-22,2024-12-26
2020,7,QR00021994,2,IRDS,27650,187,4,1,180.935,53.207,234.142,34.304,49.944,2019-03-02,
2025,4,QA00022154,1,AUTO,9600,140,1,0,261.113,41.2,302.313,47.089,13.819,2024-02-20,2024-09-22
2025,6,QA00022225,1,AUTO,2798,165,3,2,645.082,127.198,772.28,134.704,210.237,2025-02-02,2023-03-20
2024,3,QR00022253,2,IRDS,24548,49,1,2,126.28,12.602,138.882,8.775,15.35,2023-03-29,2023-08-08
2022,7,QA00022517,1,AUTO,1796,93,3,2,546.883,166.525,713.408,108.085,130.441,2022-09-02,2023-07-02
2024,7,QA00022559,1,AUTO,7087,138,2,1,672.909,206.599,879.508,116.194,179.617,2024-10-15,2023-12-17
2025,10,QR00022778,2,IRDS,24707,81,1,4,-192.827,15.11,207.937,28.038,31.914,2024-07-10,2024-02-24
2023,2,QA00022792,1,AUTO,1937,125,1,0,775.93,228.342,1004.272,81.575,18.303,2023-04-05,2022-05-03
2019,3,QA00022801,1,AUTO,14985,60,4,2,316.559,66.419,382.978,53.332,65.208,2019-07-17,2023-02-05
2023,3,QS00022876,3,SANTE,29030,96,3,0,5037.424,299.771,5337.195,260.777,1407.191,2023-02-26,2023-05-24
2023,9,QA00022893,1,AUTO,7854,21,3,3,500.089,95.174,595.263,89.943,41.354,2022-01-20,2022-01-23
0,11,QA00022954,1,AUTO,3120,3,1,2,605.895,124.86,730.755,85.29,184.503,2022-11-20,2023-07-08
2024,4,QA00023084,1,AUTO,2585,162,3,1,267.472,79.933,347.405,45.16,86.549,2023-02-05,2024-12-30
2021,9,QR00023107,2,IRDS,22385,1,1,5,173.42,19.167,192.587,27.607,3.223,2021-11-06,2023-02-05
2024,12,QA00023157,1,AUTO,659,143,2,0,4966.984,1231.012,6197.996,741.022,661.914,2023-10-30,2024-05-16
2021,7,QR00023212,2,IRDS,27789,153,2,5,205.712,18.608,224.32,21.435,52.507,2021-06-01,2022-05-08
2024,4,QA00023225,1,AUTO,11247,32,1,5,542.899,147.14,77508.616,109.178,13361.271,2023-08-21,2022-06-02
2020,2,QA00023268,1,AUTO,5931,119,1,5,261.602,56.152,317.754,51.734,36.337,2019-09-08,2023-03-27
2022,8,QA00023327,1,AUTO,7554,93,2,2,315.39,81.35,396.74,32.491,85.209,2022-08-03,2023-04-10
2019,2,QA00023435,1,AUTO,6620,150,1,5,156.481,57.71,214.191,25.251,17.256,2018-01-30,2023-12-17
1900,9,QS00023692,3,SANTE,28976,96,1,4,103956.375,5034.163,108990.538,7601.1,12652.438,2018-06-24,2023-06-21
2025,3,QS00023727,3,SANTE,29661,82,1,4,56661.824,2913.027,59574.851,5942.596,3820.201,2025-03-08,2024-09-14
2022,9,QA00024299,1,AUTO,6588,165,1,5,260.057,54.0,314.057,47.594,38.445,2021-03-13,2023-07-27
2025,11,QA00024304,1,AUTO,10643,119,3,0,257.07,59.088,316.158,34.504,3.01,2024-12-28,2024-02-08
2024,11,QA00024399,1,AUTO,16151,196,1,3,164.111,52.825,216.936,18.615,41.816,2023-05-02,2023-10-13
2022,3,QR00024517,2,IRDS,26476,130,1,4,40.131,8.522,48.653,2.822,8.172,,2023-05-05
2019,12,QA00024565,1,AUTO,8418,87,2,2,543.714,158.727,702.441,126.189,70.338,2018-05-23,2024-08-03
2025,2,QS00024635,3,SANTE,28690,90,1,1,27805.284,1518.979,29324.263,1429.973,7819.12,2025-04-16,2022-01-26
2025,7,QA00024748,1,AUTO,354,55,2,3,327.213,104.232,431.445,74.594,28.708,2025-02-23,2024-06-22
2019,3,QA00024908,1,AUTO,669,112,1,4,407.524,65.1,472.624,51.494,124.925,2019-10-14,2024-07-24
2021,5,QA00024965,1,AUTO,11154,130,1,2,281.021,56.761,337.782,35.17,29.515,2020-10-04,2022-03-05
2025,12,QA00025214,1,AUTO,11549,191,1,0,139.518,44.717,184.235,33.067,23.554,2025-05-09,2024-04-17
2025,11,QA00025405,1,AUTO,2595,104,1,5,512.012,118.624,630.636,52.437,127.951,2025-02-16,2022-11-22
2024,5,QA00025476,1,AUTO,9838,31,1,3,633.605,166.654,800.259,135.063,204.833,2023-07-25,2023-01-17
2025,11,QA00025576,1,AUTO,1959,86,1,5,7533.982,1183.442,8717.424,1238.306,2142.479,2024-11-06,2023/09/20
2023,11,QA00025681,1,AUTO,735,170,1,3,1176.642,332.656,1509.298,181.963,102.083,2022-10-28,2023-10-07
2020,5,QR00025791,2,IRDS,26839,52,3,4,41.922,7.664,49.586,2.994,9.059,2020-06-12,2024-10-12
9999,9,QA00025811,1,AUTO,8860,169,2,0,521.218,170.742,691.96,82.821,58.621,2019-11-25,2022-09-15
2021,5,QA00025930,1,AUTO,12960,167,1,5,198.517,49.95,248.467,32.684,0.257,2021-02-01,2024-06-04
2023,12,QA00025948,1,AUTO,6223,26,2,5,366.755,123.149,489.904,78.689,127.912,2023-06-18,2024-07-27
2019,7,QA00026063,1,AUTO,12273,91,4,4,292.703,63.914,356.617,28.806,106.22,2019-02-10,2024-09-16
2019,12,QS00026124,3,SANTE,28522,176,4,5,11103.5,426.983,11530.483,476.239,314.977,2018-03-17,
2021,12,QA00026171,1,AUTO,9580,65,1,0,136.6,24.844,161.444,16.26,20.35,2021-05-22,2023-04-16
2024,7,QR00026203,2,IRDS,27850,188,1,2,74.196,7.758,81.954,12.057,19.203,2024-03-11,2023-05-06
2019,2,QR00026269,2,IRDS,20573,134,3,4,215.218,70.544,285.762,14.671,17.624,2018-03-15,2023-09-05
2019,1,QR00026293,2,IRDS,23504,61,1,0,77.309,8.665,85.974,8.808,14.604,2019-04-30,2023-08-26
2023,8,QA00026391,1,AUTO,12907,116,1,1,899.683,251.943,1151.626,193.187,183.01,2022-07-07,
2022,6,QA00026595,1,AUTO,7265,130,1,1,859.169,269.555,1128.724,96.251,110.122,2022-03-16,2023-02-23
2024,8,QA00026630,1,AUTO,3763,84,4,4,748.247,199.362,947.609,100.662,231.934,2023-02-12,2022-08-02
2020,4,QA00026777,1,AUTO,735,170,1,5,774.782,178.499,953.281,154.674,59.586,2019-11-07,2024-05-30
2024,1,QA00026809,1,AUTO,2584,136,2,2,455.109,123.587,578.696,92.144,115.955,2024-12-10,2022-02-17
2022,11,QR00026955,2,IRDS,25968,24,4,0,435.259,93.598,528.857,41.677,110.917,2022-05-19,2023-12-08
2019,9,QA00027030,1,AUTO,10681,35,3,1,557.746,159.035,716.781,123.062,206.286,2018-09-12,2023-03-25
2022,6,QA00027154,1,AUTO,8332,123,1,0,275.869,56.38,44588.64001910456,35.358,24.261,2022-05-16,2023-06-18
0,8,QA00027157,1,AUTO,10783,27,2,0,878.771,248.196,1126.967,180.774,59.912,2019-02-19,2024-06-23
2023,1,QA00027204,1,AUTO,18816,190,1,1,432.121,106.209,538.33,57.725,4.431,2023-07-04,2023-12-01
2022,6,QA00027245,1,AUTO,3273,177,3,1,678.742,186.783,865.525,109.566,11.32,2021-02-22,2022-07-17
2025,5,QA00027257,1,AUTO,1720,108,1,5,6478.834,1696.596,8175.43,932.893,1612.883,2024-09-20,2023-11-07
2020,10,QA00027401,1,AUTO,4191,127,4,1,24222.975,7529.405,31752.38,3477.597,4716.785,2020-02-10,2022-12-03
2020,8,QA00027418,1,AUTO,15263,105,1,1,578.189,136.601,714.79,94.486,55.941,2020-10-06,2022-02-02
2025,11,QR00027545,2,IRDS,24424,179,1,3,0.0,7.53,7.53,1.069,0.432,2025-05-07,2022-02-28
2022,4,QA00027611,1,AUTO,11287,179,1,2,763.485,195.239,958.724,131.054,217.229,2022-10-11,2022-08-27
2021,12,QR00027619,2,IRDS,26689,121,1,1,53.61,13.166,66.776,8.586,19.575,2020-02-25,2022-11-10
2019,11,QA00027684,1,AUTO,19884,39,3,2,414.354,100.111,514.465,41.204,132.826,2018-08-01,2023-01-20
2022,7,QR00027722,2,IRDS,26749,109,1,1,35.304,6.713,42.017,3.28,8.266,2021-11-16,2023-05-25
2023,2,QR00027800,2,IRDS,27222,150,1,3,279.486,70.857,350.343,31.131,1.952,2022-03-14,2022-08-11
2022,10,QA00027977,1,AUTO,111,134,3,0,263.429,62.655,326.084,49.828,0.204,2021-04-25,2023-11-27
2023,1,QA00028004,1,AUTO,14657,71,1,0,662.165,146.914,809.079,83.561,69.925,2023-07-08,2023-03-08
2025,10,QA00028045,1,AUTO,499,123,4,4,231.338,58.849,290.187,29.015,56.527,2024-07-21,2023-07-30
2024,11,QR00028136,2,IRDS,21431,76,1,2,345.856,69.389,415.245,23.668,7.815,2023-02-05,2024-10-03
2024,7,QA00028233,1,AUTO,11253,63,2,4,132.763,44.664,177.427,20.987,36.975,2024-02-08,2023-01-09
2023,7,QA00028240,1,AUTO,5355,194,1,0,793.743,165.229,958.972,125.581,36.718,2023-11-27,2023-05-03
2020,5,QA00028599,1,AUTO,7041,132,1,5,,82.123,347.698,51.35,6.667,2020-05-22,2024-01-26
2020,5,QA00028670,1,AUTO,952,14,1,1,290.31,72.111,362.421,38.14,107.008,2020-03-26,2022-05-12
2023,6,QA00028692,1,AUTO,4631,13,1,4,318.976,77.075,396.051,61.66,114.405,2023-03-31,2023-01-27
2023,7,QA00028753,1,AUTO,1197,174,2,4,253.518,52.976,306.494,37.588,35.855,2022-03-09,2022-12-01
2021,2,QA00028889,1,AUTO,9974,34,1,1,143.962,37.621,181.583,20.141,49.135,2020-03-26,2023-08-13
2020,1,QA00028993,1,AUTO,5892,91,3,0,202.121,48.769,250.89,39.586,56.967,2019-04-18,2022-05-04
2025,4,QA00029009,1,AUTO,19725,195,1,4,165.402,61.927,227.329,35.05,37.015,2025-03-24,2023-04-16
2022,6,QA00029067,1,AUTO,14370,30,3,2,9608.506,2668.744,12277.25,1150.011,1118.532,2021-10-04,2022-04-18
2025,9,QA00029186,1,AUTO,15837,68,1,1,114.563,22.345,136.908,22.53,34.794,2024-03-20,2022-02-05
2023,3,QA00029233,1,AUTO,5850,185,4,1,285.812,66.007,351.819,35.315,10.45,2022-10-10,2022-09-08
2024,7,QA00029345,1,AUTO,13941,112,2,2,471.211,116.157,587.368,51.568,23.893,2024-12-07,2024-07-28
2022,5,QA00029368,1,AUTO,19004,177,1,4,280.647,67.487,348.134,40.212,71.391,2022-02-17,2023-07-20
2021,11,QA00029573,1,AUTO,17917,60,1,0,11566.33,3232.552,14798.882,1972.328,2492.762,2021-01-02,2022-02-26
2019,8,QA00029584,1,AUTO,19366,81,1,3,253.534,52.989,306.523,52.592,79.524,2019-08-18,2024-02-04
2019,8,QA00029673,1,AUTO,17327,4,1,4,6494.594,2097.348,8591.942,1424.867,2128.248,2018-04-27,2023-12-24
2022,6,QR00029785,2,IRDS,27941,146,2,2,183.395,14.179,197.574,23.018,10.816,2021-01-15,2022-06-18
2019,12,QA00029814,1,AUTO,6106,185,2,1,478.886,126.155,605.041,55.693,135.339,2018-08-20,2022-07-08
2022,1,QA00029920,1,AUTO,1677,49,3,5,424.081,96.334,,65.456,87.417,2021-07-24,2024-02-01
2025,2,QR00029970,2,IRDS,23253,86,3,2,346.833,29.949,376.782,51.472,33.548,2024-05-13,2022-06-26
2024,3,QA00030130,1,AUTO,9020,187,2,3,643.93,182.914,826.844,126.267,139.228,2023-02-05,2024-06-23
2021,1,QR00030369,2,IRDS,20731,34,2,5,437.398,39.066,476.464,40.431,39.736,2020-03-28,2024-04-05
2019,8,QA00030417,1,AUTO,11729,54,1,4,448.089,93.23,541.319,95.953,69.352,2019-03-17,2024-03-20
2022,5,QA00030482,1,AUTO,1141,168,1,1,712.069,233.473,945.542,110.067,186.8,2021-04-20,2023-10-27
2024,9,QA00030603,1,AUTO,3571,174,4,0,356.611,99.392,456.003,37.102,15.398,2022-12-30,2022-02-16
2019,6,QA00030622,1,AUTO,4630,31,2,1,217.296,69.645,286.941,37.986,12.272,2018-07-27,2024-05-02
2023,12,QA00030750,1,AUTO,9777,81,3,1,495.451,130.076,625.527,52.391,187.329,2022-05-17,2024-04-21
2020,7,QR00030773,2,IRDS,21752,5,1,3,212.645,19.948,232.593,31.523,22.876,2020-09-12,2022-01-09
2024,7,QR00030839,2,IRDS,23987,101,4,0,198.144,50.886,249.03,13.213,72.256,2023-03-01,2023-04-21
2021,12,QA00030841,1,AUTO,15030,153,3,0,663.377,166.597,829.974,66.711,183.171,2021-03-11,2022-05-31
2021,5,QA00030911,1,AUTO,18882,53,1,4,547.199,156.723,703.922,101.682,84.773,2020-02-23,2023-10-04
2024,2,QA00031032,1,AUTO,16550,91,3,4,401.671,71.606,473.277,58.615,102.537,2024-08-14,2023-06-28
2024,12,QA00031081,1,AUTO,11085,128,1,1,412.566,86.518,499.084,44.411,24.702,2024-01-10,2023-09-13
2023,10,QA00031084,1,AUTO,143,11,1,0,,20.626,-107.18,13.334,23.392,2023-07-10,2023-07-28
2022,5,QA00031203,1,AUTO,17120,171,4,5,466.969,114.035,581.004,99.305,119.398,2022-09-30,2024-06-09
1900,9,QA00031279,1,AUTO,11342,179,2,3,193.333,72.981,266.314,32.646,64.877,2021-01-13,2022-01-04
2025,5,QA00031366,1,AUTO,1313,15,1,3,180.702,57.788,238.49,34.769,41.536,2024-12-19,2023-05-09
2025,7,QA00031395,1,AUTO,10293,115,1,4,518.639,158.256,676.895,118.075,120.847,2023-12-30,2023-04-29
2020,11,QA00031454,1,AUTO,10652,49,1,0,390.19,79.31,469.5,52.908,25.618,2020-04-23,2023-03-15
2025,7,QR00031702,2,IRDS,21836,121,1,5,306.064,82.937,389.001,35.708,102.235,2024-11-23,2022-05-26
0,1,QR00031712,2,IRDS,25742,32,1,0,148.747,15.892,164.639,24.213,22.634,2018-04-10,2023-08-10
2020,5,QA00032020,1,AUTO,4923,4,3,2,283.564,48.577,332.141,58.558,55.031,2019-05-27,2022-11-27
2023,3,QA00032038,1,AUTO,3031,84,1,1,233.026,36.454,269.48,33.742,40.32,2023-01-27,2024-12-13
2022,8,QA00032077,1,AUTO,18372,51,1,4,75.992,25.477,-101.469,15.103,20.873,2022-11-28,2022-09-04
2021,2,QR00032107,2,IRDS,24574,71,3,2,0.0,7.477,7.477,0.714,1.615,2021-05-24,2023-09-19
2021,1,QA00032175,1,AUTO,12738,86,1,0,382.837,134.208,517.045,51.096,33.755,2020-04-15,
2022,2,QR00032178,2,IRDS,23368,105,2,3,74.541,9.175,83.716,4.639,11.831,2021-08-25,2024-05-06
2024,6,QR00032199,2,IRDS,27036,17,1,3,140.304,14.476,154.78,19.593,3.982,2023-11-30,2022-01-06
2022,6,QA00032230,1,AUTO,19487,149,1,1,427.912,86.601,514.513,78.355,29.956,2022-03-13,2023-09-21
2019,1,QR00032260,2,IRDS,27094,193,1,2,67.149,8.562,75.711,10.769,15.076,2018-07-06,2023-08-16
2021,9,QA00032358,1,AUTO,4432,126,2,3,299.348,55.938,,46.859,57.671,2020-09-10,2024-09-22
2024,1,QA00032390,1,AUTO,9408,45,1,4,606.296,96.612,702.908,101.452,146.428,2024-11-18,2024-10-08
2024,6,QA00032619,1,AUTO,18017,130,1,1,237.421,43.654,281.075,37.005,52.103,2024-04-01,2024-11-12
2022,12,QA00032693,1,AUTO,19360,168,1,4,345.407,64.946,410.353,37.311,84.196,2021-09-02,2024-07-26
2019,10,QR00032796,2,IRDS,22877,89,1,5,33.478,9.564,43.042,3.494,3.297,2018-04-30,2022-07-20
2025,2,QA00032861,1,AUTO,6347,16,1,4,526.895,144.339,671.234,69.114,174.431,2024-02-13,2024-12-22
2025,6,QR00032900,2,IRDS,27660,106,2,2,21.346,6.396,27.742,3.361,6.602,2025-03-22,2022-02-23
2023,6,QS00032980,3,SANTE,28401,154,3,0,55709.232,2311.627,58020.859,3297.261,12446.368,2023-08-16,2023-10-26
2025,3,QA00033081,1,AUTO,7647,199,1,2,730.377,207.613,937.99,167.439,7.19,2025-10-20,2022-08-20
2020,4,QA00033149,1,AUTO,5309,92,3,2,292.512,97.034,389.546,57.595,27.618,2020-03-14,2023-12-19
2024,9,QA00033154,1,AUTO,10010,133,1,4,319.032,74.547,393.579,68.451,110.947,2023-03-05,2023-08-26
2023,10,QA00033226,1,AUTO,18033,49,1,4,755.526,210.796,966.322,85.005,160.075,2023-09-27,2022-06-26
2019,8,QA00033228,1,AUTO,10007,1,1,0,34018.75937593784,165.328,728.601,63.903,122.505,2019-07-22,2022-02-03
2023,1,QS00033268,3,SANTE,28677,182,1,2,20995.032,1247.235,,912.453,,2023-08-16,2022-01-02
2020,3,QA00033301,1,AUTO,4933,191,2,3,494.138,154.661,648.799,71.44,24.402,,2023-08-05
2025,7,QA00033324,1,AUTO,2458,140,2,5,479.19,152.202,631.392,71.503,70.544,2024-06-25,2022-02-18
2023,11,QA00033332,1,AUTO,1602,178,2,3,852.146,227.706,1079.852,102.744,93.749,2023-04-20,2022-07-15
2020,8,QA00033392,1,AUTO,13924,80,2,2,225.742,40.771,266.513,23.753,77.085,,2022-05-29
2024,2,QA00033419,1,AUTO,424,137,1,2,149.198,33.168,182.366,20.545,34.498,2023-06-04,2023-05-10
2024,11,QA00033469,1,AUTO,8008,80,4,0,280.66,54.093,35536.37094910273,58.532,11.735,2024-05-05,2022-10-02
2025,7,QR00033593,2,IRDS,26114,39,1,4,118.05,16.974,135.024,16.012,31.616,2025-04-25,2022-08-21
2025,6,QR00033596,2,IRDS,20349,190,1,4,816.548,240.227,1056.775,94.28,39.217,2024-03-23,2024-11-27
2024,12,QA00033603,1,AUTO,8099,4,1,1,981.432,265.101,1246.533,196.694,327.945,2023-12-11,2023-05-22
2024,10,QR00033667,2,IRDS,20448,10,1,3,0.0,6.765,,0.948,0.108,2024-11-11,2024-11-10
2021,11,QA00033707,1,AUTO,476,12,2,0,191.917,50.56,242.477,24.143,51.126,2020-09-08,2023-11-05
2025,4,QR00033755,2,IRDS,20852,115,1,3,23.361,6.055,29.416,2.484,8.645,2025-10-27,2024-06-19
2022,8,QR00033841,2,IRDS,26993,11,4,0,0.0,4.737,4.737,0.517,0.182,2021-03-03,2024-08-09
2022,9,QR00033892,2,IRDS,21220,29,1,1,38.153,11.491,49.644,7.16,0.095,2022-09-01,2023-11-28
2024,1,QA00034067,1,AUTO,2891,48,4,1,1422.141,427.021,1849.162,322.088,110.423,2023-07-29,2024-12-24
2021,11,QA00034105,1,AUTO,1892,134,1,1,138.684,31.204,169.888,13.889,40.819,2021-11-16,2024-01-17
2023,6,QR00034117,2,IRDS,23495,166,2,0,143.681,14.592,158.273,10.812,9.629,2023-05-09,2024-09-15
2025,6,QA00034164,1,AUTO,19821,25,2,3,,166.283,816.719,66.641,123.489,2025-10-16,2022-05-30
2025,10,QR00034221,2,IRDS,26837,185,1,5,330.391,77.068,407.459,55.614,90.759,2024-07-15,2023-02-14
2022,11,QA00034261,1,AUTO,15640,87,1,3,352.557,81.644,434.201,70.829,70.725,2021-08-08,2023-11-16
2019,2,QS00034334,3,SANTE,28963,15,1,2,46710.849,1621.206,48332.055,4135.687,12587.186,2018-06-08,2023-10-27
2024,8,QS00034398,3,SANTE,29080,16,1,3,11304.755,461.537,11766.292,1067.912,1744.075,2023-09-29,2023-01-03
2019,5,QA00034430,1,AUTO,18484,95,1,2,216.618,52.624,269.242,31.276,38.473,2018-06-28,2022-04-15
2022,4,QA00034530,1,AUTO,10735,184,1,2,379.871,104.633,484.504,70.079,20.354,2022-04-21,2024-12-19
2019,7,QR00034541,2,IRDS,23912,133,1,5,62.513,13.882,76.395,8.155,2.021,2019-06-17,2023-05-13
2021,12,QA00034582,1,AUTO,1824,74,4,0,434.565,114.328,548.893,72.89,47.694,2020-03-09,2023-04-18
2021,10,QA00034681,1,AUTO,11727,73,2,0,364.593,105.721,470.314,64.279,73.099,2021-02-04,2023-12-26
2019,6,QA00034696,1,AUTO,19384,123,1,4,460.317,137.089,597.406,72.144,49.903,2018-08-24,2024-03-03
2024,2,QA00034757,1,AUTO,13105,106,1,1,8031.704,2571.973,10603.677,1488.613,2096.385,2023-01-23,2024-11-14
2020,7,QA00034794,1,AUTO,18351,49,1,0,247.788,75.471,323.259,36.646,7.483,2019-11-04,2022-03-17
2025,3,QA00034805,1,AUTO,13025,149,1,0,211.136,38.445,249.581,31.651,30.848,2025-08-31,2022-01-18
2020,10,QA00034978,1,AUTO,3869,193,1,4,279.67,72.244,351.914,42.212,45.532,2019-03-01,2022-02-24
2024,2,QA00034984,1,AUTO,14849,129,1,3,9520.873,2716.942,918527.512,1655.203,156812.202,2023-06-08,2022-05-09
2019,6,QR00035111,2,IRDS,20676,191,2,5,99.104,12.095,111.199,14.725,29.84,2019-02-06,2023-11-26
2025,2,QR00035184,2,IRDS,22025,117,2,2,0.0,9.876,9.876,0.725,0.203,2025-08-09,2022-05-03
2025,1,QR00035472,2,IRDS,27671,66,1,1,0.0,5.829,5.829,0.556,0.681,2024-03-10,2024-09-10
2019,8,QA00035579,1,AUTO,8037,43,4,2,444.974,86.478,531.452,66.558,29.669,2018-01-11,2023-04-13
2025,1,QA00035633,1,AUTO,14204,33,1,5,519.659,130.38,650.039,80.17,149.927,2024-06-15,2022-03-24
2024,2,QA00035705,1,AUTO,7546,94,2,4,553.253,129.516,682.769,,197.308,2023-08-17,
2021,5,QA00035709,1,AUTO,7610,92,1,3,522.484,133.449,655.933,72.1,35.634,2021-06-24,2024-02-22
2022,7,QA00035759,1,AUTO,10295,93,1,3,326.255,93.991,420.246,72.281,56.237,2021-09-08,2024-07-10
2021,1,QA00035839,1,AUTO,7700,6,1,3,285.033,65.319,350.352,44.989,99.149,2020-10-05,2022-10-02
2020,8,QR00035912,2,IRDS,25002,97,2,4,0.0,7.949,7.949,0.912,0.174,2020-08-18,2022-10-10
2020,12,QA00035929,1,AUTO,17528,28,4,1,4306.737,1417.479,5724.216,545.045,1239.236,2019-04-06,
2019,11,QS00035965,3,SANTE,28849,8,2,2,34527.859,1381.516,35909.375,1993.251,2077.802,2018-08-08,2023-12-31
2025,1,QA00035973,1,AUTO,1462,95,1,3,239.305,64.386,303.691,39.427,28.92,2024-03-08,2022-02-26
2022,4,QS00036065,3,SANTE,28397,9,1,1,17880.291,1002.937,18883.228,962.579,3631.052,2021-02-17,2024-11-23
2025,9,QA00036234,1,AUTO,2838,111,3,3,712.766,221.262,934.028,154.539,170.225,2024-12-10,2023-06-02
2019,5,QR00036356,2,IRDS,22852,148,1,2,73.692,10.509,84.201,9.629,23.312,2019-09-15,2022-07-03
2019,11,QR00036360,2,IRDS,22882,66,1,0,89.898,8.579,98.477,11.196,9.84,2018-10-16,2024-08-28
2021,4,QA00036411,1,AUTO,3242,126,1,1,13288.489,3918.768,17207.257,1662.412,2362.658,2020-02-29,2023-03-21
2025,4,QA00036415,1,AUTO,2378,193,1,5,179.879,31.546,211.425,31.455,25.745,2024-11-03,2023-12-02
2022,12,QA00036421,1,AUTO,12820,106,1,4,198.452,51.388,249.84,39.248,67.945,2021-04-17,2022-04-01
2025,2,QA00036455,1,AUTO,7271,104,1,3,292.553,86.804,379.357,62.0,37.367,2024-03-11,2023-01-14
2025,6,QA00036647,1,AUTO,1219,45,2,3,600.549,190.066,790.615,99.908,83.416,2024-05-01,2024-04-03
2020,3,QS00036683,3,SANTE,28323,89,4,2,52884.804,2676.521,55561.325,2748.299,8436.012,2020-07-26,2023-08-15
2024,5,QA00036711,1,AUTO,11875,194,1,1,385.269,104.639,489.908,58.002,90.062,2024-10-12,2024-02-21
2019,6,QA00036782,1,AUTO,17478,200,1,3,322.393,58.409,380.802,34.044,80.598,2019-04-15,2024-12-19
2023,10,QA00037023,1,AUTO,7797,31,1,4,729.043,175.703,,118.118,186.452,2022-04-24,2024-04-08
2024,2,QA00037149,1,AUTO,4197,145,1,1,466.164,128.294,594.458,61.588,39.19,2022-12-20,2023-07-13
2025,4,QR00037173,2,IRDS,27366,85,1,4,317.998,26.99,344.988,32.762,41.063,2024-07-12,2024-03-14
2025,2,QA00037207,1,AUTO,7662,111,1,1,1159.577,358.528,1518.105,135.277,203.376,2025-02-12,2024-01-20
2025,10,QA00037275,1,AUTO,5219,157,1,3,169.382,39.66,209.042,18.711,44.405,2024-09-14,2022-07-30
2020,8,QS00037297,3,SANTE,29057,24,1,0,57647.525,3109.338,60756.863,4619.499,14193.106,2020-07-06,2023-10-27
2025,9,QR00037306,2,IRDS,24054,111,1,0,256.391,19.863,276.254,24.019,72.992,2025-01-02,2022-07-02
2025,11,QA00037349,1,AUTO,2546,61,1,5,128.017,26.151,154.168,15.827,33.378,2025-02-19,2023-08-16
2025,9,QA00037420,1,AUTO,18507,181,4,4,223.357,61.788,285.145,41.36,82.219,2024-11-18,2024-06-04
2025,7,QA00037433,1,AUTO,3090,181,3,0,424.805,113.132,537.937,46.807,130.202,2024-03-05,2024-12-30
2024,5,QA00037502,1,AUTO,6664,160,4,3,1126.287,347.19,1473.477,264.068,308.874,2023-09-06,2024-05-21
2024,12,QR00037581,2,IRDS,21502,151,1,0,52.473,8.271,60.744,4.044,14.134,2023-09-26,2024-04-24
2024,12,QA00037700,1,AUTO,18057,159,1,4,62.299,23.134,85.433,9.073,24.686,2024-05-30,2023-01-04
2021,8,QA00037701,1,AUTO,4736,157,1,1,377.055,83.141,460.196,76.847,74.989,2020-08-31,2023-08-18
2019,6,QA00037705,1,AUTO,2765,127,1,3,504.489,97.168,601.657,60.024,32.881,2019-01-26,2024-07-13
2024,2,QS00037825,3,SANTE,28938,107,1,2,23183.64,833.525,24017.165,1582.579,2949.93,2024-12-06,2023-05-29
2022,7,QA00037897,1,AUTO,2374,13,2,1,401.756,100.417,502.173,89.352,105.092,2021-06-04,2023-01-29
2020,10,QA00037993,1,AUTO,16416,175,3,5,270.128,79.817,349.945,52.588,92.88,2020-03-07,2023-09-19
2023,9,QA00038003,1,AUTO,16802,69,1,4,587.882,176.913,764.795,136.725,34.322,2023-08-30,2022-05-27
2021,6,QA00038142,1,AUTO,17869,149,1,0,329.839,88.531,418.37,68.744,32.36,2020-08-05,2023/09/20
2023,10,QA00038256,1,AUTO,18735,12,1,0,400.739,109.893,510.632,58.189,36.404,2023-09-15,2022-03-13
2022,9,QR00038261,2,IRDS,25840,193,2,5,177.293,19.355,196.648,22.985,7.265,2022-03-18,2023-09-10
2021,8,QA00038271,1,AUTO,10252,9,1,1,16892.912,4176.595,21069.507,2535.744,5745.094,2021-05-13,2023-11-01
2023,11,QA00038363,1,AUTO,10478,21,3,2,495.694,152.693,648.387,69.163,32.333,2023-09-26,2022-06-28
2022,6,QA00038407,1,AUTO,17533,6,3,3,373.286,101.602,474.888,48.121,108.213,2021-09-12,2022-02-05
2025,2,QA00038437,1,AUTO,19652,196,1,5,6935.221,2050.588,8985.809,1371.214,949.268,2025-07-04,2024-04-20
2023,12,QA00038488,1,AUTO,19491,107,2,2,326.421,106.467,432.888,55.116,76.586,2023-04-17,2022-07-04
2021,7,QA00038506,1,AUTO,19332,69,1,3,290.341,73.74,364.081,52.069,90.414,2021-12-08,2023-09-05
2019,9,QA00038611,1,AUTO,16040,70,1,5,704.324,149.584,853.908,115.445,192.299,2019-03-04,2023-03-10
2019,8,QA00038729,1,AUTO,19192,120,4,3,6278.485,2037.63,8316.115,1051.81,2294.811,2019-10-23,01-12-2022
2021,6,QA00038888,1,AUTO,2595,104,2,3,454.471,126.063,580.534,55.302,29.992,,2024-11-08
2024,12,QR00038943,2,IRDS,20532,96,1,4,55.312,11.707,67.019,7.175,11.327,2023-09-25,2022-10-26
2022,8,QA00039024,1,AUTO,5194,65,4,3,113.199,28.282,141.481,15.993,34.63,2021-03-03,2024-06-23
2020,2,QA00039034,1,AUTO,92,161,2,0,964.62,262.757,1227.377,166.473,129.503,2019-12-12,2022-03-21
2020,7,QA00039108,1,AUTO,4882,125,1,5,30362.297,9350.202,39712.499,3576.51,6586.884,2020-08-30,2022-10-29
2022,8,QR00039120,2,IRDS,21242,169,1,1,121.071,9.124,130.195,8.03,32.588,2021-07-24,2023-06-15
2024,3,QR00039143,2,IRDS,22708,84,2,3,220.735,67.697,288.432,36.524,78.405,2024-04-05,2023-04-30
2022,11,QR00039156,2,IRDS,21584,4,1,1,0.0,3.61,3.61,0.187,0.602,2021-02-23,2022-08-28
2024,4,QA00039180,1,AUTO,8181,191,1,4,276.419,75.344,351.763,,2.301,2024-09-15,2022-01-29
2022,10,QA00039196,1,AUTO,14445,55,1,0,546.184,112.56,658.744,64.623,147.302,2021-12-16,2023-06-30
2022,9,QR00039356,2,IRDS,23312,89,1,0,0.0,4.045,4.045,0.286,0.871,2021-05-19,2023-07-07
2025,4,QR00039386,2,IRDS,22153,70,1,0,0.0,3.652,3.652,0.327,0.14,2024-02-08,2024-12-26
2025,7,QA00039432,1,AUTO,6673,167,1,3,320.272,68.942,389.214,61.92,103.651,2024-12-26,2024-09-23
2021,10,QA00039441,1,AUTO,19358,86,1,0,796.032,226.784,1022.816,162.303,217.799,2021-05-10,2024-02-17
2020,1,QR00039519,2,IRDS,22253,147,3,2,0.0,8.825,8.825,0.908,1.27,2020-02-03,2024-04-16
2019,5,QA00039546,1,AUTO,7482,11,3,3,796.623,198.045,994.668,83.334,178.695,2018-12-08,2024-08-22
2024,6,QA00039613,1,AUTO,15959,112,1,2,592.892,147.767,740.659,111.529,138.783,2024-10-12,2022-06-01
2019,3,QR00039672,2,IRDS,26832,108,1,4,0.0,6.585,6.585,0.841,0.468,2019-11-05,2022-06-17
2021,5,QR00039831,2,IRDS,21336,103,2,3,0.0,9.857,9.857,1.344,1.809,2020-01-10,2022-06-29
9999,6,QR00039977,2,IRDS,25346,63,1,2,247.038,26.017,273.055,27.616,5.021,2025-02-15,2024-02-18
2020,4,QA00039983,1,AUTO,1519,84,1,3,,44.777,277.657,27.583,31.22,2019-07-17,2024-02-15
2024,1,QA00040048,1,AUTO,16764,60,1,3,727.953,173.848,901.801,112.065,61.16,2023-08-08,2022-10-05
2020,12,QA00040111,1,AUTO,14300,173,4,2,,6939.214,31200.005,3429.12,3210.64,2020-10-11,2022-04-26
2024,7,QA00040196,1,AUTO,17480,137,1,2,794.885,215.652,1010.537,84.677,19.893,2024-09-13,2024-01-07
2024,11,QR00040211,2,IRDS,24249,32,2,0,132.634,14.87,147.504,21.711,4.679,2023-12-04,2022-10-16
2024,8,QR00040373,2,IRDS,27110,46,1,2,273.051,17.044,290.095,33.422,72.813,2024-03-07,2023-12-16
2024,9,QA00040379,1,AUTO,971,146,2,3,1092.449,319.753,-1412.202,124.429,157.255,2023-04-29,2022-06-07
2021,10,QA00040497,1,AUTO,16995,162,1,0,752.323,232.821,985.144,151.514,150.592,2021-08-07,2022-10-17
2022,2,QA00040569,1,AUTO,14101,128,3,0,3631.687,674.824,4306.511,351.046,1181.517,2021-07-15,2023-12-31
2021,2,QA00040898,1,AUTO,13632,176,2,4,152.074,43.257,195.331,31.708,36.815,2020-12-17,2022-02-09
2020,10,QR00040941,2,IRDS,20990,3,1,4,218.883,12.858,231.741,26.412,24.008,2019-08-19,02-11-2024
2025,2,QA00040970,1,AUTO,18633,181,4,4,476.631,120.908,597.539,94.763,87.075,2024-05-19,2024-07-30
2023,10,QR00041107,2,IRDS,22054,166,1,1,35.498,9.971,45.469,6.29,11.509,2022-06-11,2024-04-22
2019,3,QA00041278,1,AUTO,13693,128,1,2,640.032,176.088,816.12,78.485,138.28,2019-06-07,2024-06-13
2023,7,QA00041481,1,AUTO,16861,154,2,0,4267.085,1390.755,5657.84,584.553,88.951,2023-09-14,2022-02-10
2020,8,QA00041482,1,AUTO,4538,44,3,0,660.306,91.409,751.715,106.507,52.932,2020-01-16,2023-04-05
2021,11,QA00041512,1,AUTO,17473,46,4,3,5175.13,1451.542,6626.672,1018.6,876.813,2020-02-22,2023-11-17
2019,3,QA00041524,1,AUTO,6368,120,1,0,804.766,265.063,1069.829,144.152,78.39,2019-01-11,2023-08-07
0,6,QA00041559,1,AUTO,6362,20,1,1,226.322,52.718,279.04,49.742,13.492,2021-09-30,2024-07-17
1900,1,QA00041591,1,AUTO,1041,100,1,4,321.143,88.07,409.213,45.306,21.446,2019-06-22,2023-01-03
2020,12,QA00041654,1,AUTO,17314,152,2,3,448.917,103.726,57016.582,93.853,16382.729,2020-11-01,2023-09-09
2019,12,QA00041925,1,AUTO,8370,66,1,5,322.886,75.596,398.482,59.744,41.084,2017-12-19,2022-07-01
2022,5,QA00042016,1,AUTO,1344,76,1,3,575.737,166.146,741.883,119.774,198.085,2021-05-15,2023-07-20
2022,3,QA00042018,1,AUTO,17417,52,4,1,8178.691,2373.1,10551.791,1030.285,1431.586,2022-03-07,2022-11-26
2019,4,QA00042063,1,AUTO,14862,104,1,1,186.167,48.508,234.675,36.039,57.865,2018-12-16,2023-05-24
2022,1,QR00042116,2,IRDS,20498,154,1,2,116.604,16.424,133.028,12.13,13.474,2022-03-14,2022-08-20
2022,8,QA00042133,1,AUTO,19867,84,1,3,432.154,99.184,,78.535,87.073,2021-12-02,2022-05-23
2024,7,QA00042183,1,AUTO,14685,102,1,0,296.605,53.149,349.754,52.933,75.731,2024-05-21,2024-04-25
2022,3,QA00042190,1,AUTO,1791,191,2,5,204.31,43.901,248.211,28.569,20.457,2022-07-27,2024-02-16
2021,9,QA00042245,1,AUTO,2686,5,3,3,521.665,119.077,640.742,95.6,191.718,2020-07-08,2024-06-11
2021,11,QR00042409,2,IRDS,27048,118,1,5,153.193,12.265,165.458,9.476,16.728,2020-07-30,2024-03-05
2022,10,QA00042475,1,AUTO,15118,113,1,4,147.98,43.82,191.8,20.11,37.063,2021-04-16,2023-11-12
2025,7,QA00042706,1,AUTO,15561,100,4,4,989.6,281.819,1271.419,170.589,227.36,2025-11-01,2023-01-06
2025,1,QA00042716,1,AUTO,13082,77,3,4,102.329,31.059,133.388,22.211,4.134,2024-12-31,2022-09-11
2023,1,QR00042748,2,IRDS,21958,187,1,3,-520.32,112.276,632.596,89.286,122.002,2022-09-23,2023-02-01
2024,8,QR00042773,2,IRDS,21311,9,1,1,0.0,6.643,6.643,0.775,0.335,2024-12-13,2023-06-11
2019,8,QA00042933,1,AUTO,1618,68,1,1,911.546,227.423,1138.969,159.553,66.303,2018-08-20,2024-12-13
2023,12,QA00042964,1,AUTO,18973,174,1,1,851.269,233.726,1084.995,167.79,163.283,2023-06-27,2022-06-07
2021,7,QA00043152,1,AUTO,7584,188,1,5,958.972,267.094,1226.066,220.417,169.614,2020-11-14,2022-11-22
2020,4,QR00043160,2,IRDS,25767,111,1,1,123.074,15.033,138.107,12.396,8.796,2020-01-29,2024-10-13
2023,5,QA00043267,1,AUTO,6431,107,3,2,97.074,23.893,120.967,18.983,25.081,2022-11-08,2024-08-29
2019,9,QR00043346,2,IRDS,25216,147,1,5,102.921,11.601,114.522,15.409,31.53,2019-10-05,2024-06-15
2023,9,QS00043485,3,SANTE,29515,166,1,1,53991.88,2689.45,56681.33,2706.822,14352.7,2022-08-09,2022-05-15
2025,6,QA00043498,1,AUTO,8198,21,1,5,536.228,117.182,653.41,102.589,96.483,2025-06-13,2024-03-14
2023,6,QA00043534,1,AUTO,15310,63,3,5,517.212,136.563,653.775,113.389,121.846,2023-05-01,2023-09-17
2019,12,QA00043554,1,AUTO,1204,177,2,1,,78.735,433.916,51.51,80.605,2018-11-28,2022-10-14
2020,1,QA00043644,1,AUTO,5097,153,1,0,616.257,139.328,755.585,102.234,210.42,2020-06-05,2022-04-16
2024,4,QR00043667,2,IRDS,26306,103,1,3,338.109,57.395,395.504,47.772,63.607,2024-07-08,2023-01-26
2021,4,QA00043724,1,AUTO,29,179,1,5,613.334,166.954,780.288,124.309,108.681,2021-06-28,
2020,12,QA00043802,1,AUTO,18956,192,3,1,220.903,46.542,267.445,,5.061,2019-11-07,2022-03-17
9999,10,QA00043870,1,AUTO,6697,60,2,4,217.754,36.077,253.831,40.306,41.059,2022-08-28,2023-05-29
2021,7,QA00043917,1,AUTO,16984,176,3,2,703.104,161.475,864.579,135.607,194.769,2019-12-06,2024-03-17
2021,2,QA00043972,1,AUTO,3393,66,1,1,,782.896,3261.912,521.166,511.59,2020-11-24,2024-11-02
2020,9,QA00044102,1,AUTO,13742,56,1,2,176.857,58.212,235.069,30.055,2.333,2020-02-29,2024-11-27
2024,12,QA00044266,1,AUTO,16870,55,1,5,575.847,171.223,747.07,93.976,67.868,2023-02-02,2024-09-01
2025,7,QA00044303,1,AUTO,3731,80,1,3,332.934,87.185,420.119,36.415,59.073,2025-02-01,2023-09-29
2021,3,QA00044344,1,AUTO,6833,85,1,2,434.058,111.22,545.278,80.128,37.468,2020-09-11,2023-05-24
2023,4,QA00044351,1,AUTO,6742,184,1,1,459.605,109.073,568.678,49.301,85.92,2022-03-31,2022-12-20
2021,1,QA00044408,1,AUTO,17990,54,3,5,5940.408,1691.787,7632.195,1170.396,701.871,2021-09-08,2022-03-05
2020,12,QA00044479,1,AUTO,4626,165,1,4,593.15,149.638,742.788,98.288,73.793,2020-05-27,2022-03-06
2022,8,QA00044492,1,AUTO,14956,170,2,1,100.034,25.896,125.93,10.503,9.206,2021-09-14,2024-08-01
2019,2,QS00044512,3,SANTE,29710,14,1,1,16859.962,976.411,17836.373,1473.104,4358.581,2019-05-02,2022-06-13
2019,6,QR00044638,2,IRDS,23260,163,1,3,52.999,7.327,60.326,6.074,17.489,2018-08-02,2024-12-28
9999,9,QA00044653,1,AUTO,1287,77,1,3,283.421,62.214,345.635,31.382,67.803,2024-06-01,2024-12-05
2023,3,QR00044700,2,IRDS,20931,43,1,3,473.803,115.744,589.547,62.477,37.247,2023-04-20,2024-05-31
2021,9,QR00044745,2,IRDS,26754,138,2,4,18.827,11.022,29.849,3.977,0.193,2020-08-21,2024-06-23
2022,4,QA00044748,1,AUTO,7019,102,2,4,804.43,252.57,1057.0,162.288,58.983,2021-09-25,2022-05-18
2022,4,QA00044897,1,AUTO,18009,56,2,3,132.456,31.868,28629.486,27.458,7763.431,2020-12-16,2024-02-25
2022,6,QA00044979,1,AUTO,12803,106,2,3,13114.964,4022.032,17136.996,1457.649,995.059,2022-11-21,2022-11-29
2019,7,QR00045043,2,IRDS,25223,183,1,5,362.83,64.039,-426.869,55.637,28.028,2018-11-02,2023-11-22
9999,2,QA00045159,1,AUTO,6659,4,2,4,625.756,147.421,773.177,92.823,16.574,2021-09-16,2024-02-05
2020,3,QA00045169,1,AUTO,14750,58,2,1,9256.224,2453.337,11709.561,1903.786,961.881,2019-03-03,2024-09-19
2022,3,QR00045297,2,IRDS,22955,35,3,2,0.0,5.677,5.677,0.623,0.159,2022-03-21,2023-12-21
2020,5,QA00045308,1,AUTO,4405,9,4,2,407.043,118.863,525.906,92.39,105.665,2020-06-19,2022-05-06
2020,10,QR00045379,2,IRDS,21663,18,1,5,296.753,73.58,370.333,41.082,50.995,,2022-02-21
2022,7,QR00045522,2,IRDS,26526,2,1,1,29.551,8.626,38.177,5.466,1.922,2022-01-04,2023-04-11
2023,2,QA00045627,1,AUTO,4912,106,3,0,650.464,151.339,801.803,96.557,239.81,2022-02-21,2022-04-30
2019,10,QA00045762,1,AUTO,547,87,2,2,862.308,232.982,1095.29,154.235,113.697,2019/04/17,2023-11-05
0,6,QA00045798,1,AUTO,11015,28,1,5,280.651,51.414,332.065,45.099,58.556,2021-05-28,2024-11-29
2020,3,QA00045846,1,AUTO,7304,156,1,3,531.268,137.751,669.019,79.011,69.33,2019-10-23,2023-08-15
2025,8,QA00045912,1,AUTO,16113,153,2,0,930.638,298.116,,167.328,6.023,2024-03-14,2023-04-23
2020,9,QA00046021,1,AUTO,19762,3,4,4,955.304,231.954,1187.258,135.268,75.922,2019-11-22,2023-06-25
2023,3,QR00046062,2,IRDS,21135,68,3,4,221.188,15.756,236.944,34.882,27.734,2022-08-14,2022-04-06
2023,8,QA00046083,1,AUTO,17039,20,1,3,797.125,249.755,1046.88,154.253,153.515,2023-11-03,2023-05-10
2019,9,QS00046087,3,SANTE,29315,189,3,5,69906.606,2106.921,72013.527,6617.151,5132.094,2018-11-07,2024-10-11
2019,1,QR00046262,2,IRDS,23720,96,4,2,0.0,7.545,7.545,0.617,1.05,2018-02-14,2023-01-29
2020,2,QA00046272,1,AUTO,16502,12,1,3,240.005,56.869,296.874,33.363,25.05,2019-07-23,2022-11-12
2024,6,QA00046330,1,AUTO,4135,88,1,2,593.826,153.24,747.066,70.902,69.318,2023-01-25,2022-10-22
2025,1,QA00046447,1,AUTO,14717,152,4,0,574.307,89.177,663.484,71.759,13.07,2024-02-17,2024-11-29
2023,5,QA00046452,1,AUTO,6656,186,1,3,567.918,138.281,706.199,108.396,132.316,2022-02-24,2023-06-10
2019,8,QA00046495,1,AUTO,19508,60,2,4,3881.863,1235.923,5117.786,717.742,269.033,2018-05-03,2022-09-28
2023,5,QR00046522,2,IRDS,24772,125,4,5,324.527,104.129,428.656,45.115,81.566,2023-07-07,2024-03-25
2023,1,QA00046595,1,AUTO,16113,153,2,1,1226.272,374.643,1600.915,284.302,271.965,2023-05-27,2022/12/25
2022,10,QA00046677,1,AUTO,4874,89,3,3,599.046,167.639,766.685,113.574,30.382,2021-04-13,2023-12-21
2024,5,QA00046802,1,AUTO,10886,181,3,3,957.739,265.916,1223.655,219.611,362.802,2023-05-02,2023-09-28
2024,1,QR00046814,2,IRDS,24387,121,1,3,0.0,4.451,4.451,0.66,0.327,2024-02-04,2022-11-28
2019,11,QR00046914,2,IRDS,23557,87,4,5,62.832,11.214,74.046,8.203,13.481,2018-04-09,2024-02-26
2020,8,QA00046926,1,AUTO,5215,179,4,3,545.242,88.563,633.805,63.513,148.177,2020-11-25,2022-11-14
2020,3,QR00046981,2,IRDS,26517,12,1,5,44.013,10.279,54.292,3.002,12.859,2020-09-03,2022-04-09
2019,6,QA00047024,1,AUTO,16599,167,1,4,150.579,35.591,186.17,29.946,22.028,2018-04-13,2022-08-21
2020,2,QA00047072,1,AUTO,13151,196,4,3,427.541,104.522,532.063,92.497,108.034,2020-04-26,2024-11-11
2022,10,QA00047154,1,AUTO,5185,183,1,4,203.423,72.014,275.437,44.563,46.203,2022-03-02,2023-11-20
2021,12,QA00047402,1,AUTO,18102,137,1,5,235.604,53.112,288.716,23.937,75.696,2020-04-12,2024-08-28
2024,11,QA00047492,1,AUTO,4049,77,3,5,324.354,97.794,422.148,34.156,86.188,2024-02-01,2024-12-12
2021,5,QR00047585,2,IRDS,21783,112,1,3,217.931,18.515,236.446,12.442,24.355,2021-07-02,2022-12-13
2024,9,QA00047605,1,AUTO,10601,33,2,5,1104.466,286.584,1391.05,147.398,65.466,2023-10-25,2022-09-07
2021,9,QA00047669,1,AUTO,10046,104,1,1,246.679,94.004,340.683,51.693,25.479,2019-12-29,2024-10-03
2020,7,QA00047708,1,AUTO,1448,169,2,1,748.88,215.733,964.613,141.441,209.325,2020-06-17,2024-06-13
2020,10,QR00047709,2,IRDS,27317,128,1,5,231.19,50.395,281.585,34.275,37.38,2019-03-19,2023-04-23
2019,11,QR00047799,2,IRDS,20546,51,1,3,136.207,23.94,160.147,20.228,45.121,2019-11-08,2024-01-20
2023,11,QA00047829,1,AUTO,1128,3,2,1,2497.868,750.516,3248.384,364.249,141.116,2022-05-28,2023-01-16
2020,7,QR00047873,2,IRDS,22431,146,2,5,170.304,18.928,189.232,16.251,6.873,2019-01-07,2024-01-19
2024,11,QA00047907,1,AUTO,13739,54,1,2,214.179,57.933,272.112,28.033,43.815,2023-02-10,2022-05-25
2025,7,QA00047984,1,AUTO,15040,48,1,5,161.925,38.448,200.373,22.8,32.648,2025-08-10,2024-12-19
2023,12,QR00048006,2,IRDS,20418,140,2,5,0.0,4.38,4.38,0.291,0.039,2022-12-09,2022-06-06
9999,8,QR00048058,2,IRDS,23987,101,1,3,193.187,44.532,237.719,33.196,60.371,2023-12-08,2023-04-02
2023,11,QA00048104,1,AUTO,9021,38,1,5,200.011,44.991,245.002,41.504,11.866,2022/11/14,2022-04-25
2025,7,QR00048222,2,IRDS,21314,85,1,5,174.042,41.052,215.094,19.671,54.695,2025-07-12,2024-06-11
2022,8,QA00048235,1,AUTO,9646,58,1,5,232.157,46.156,278.313,28.64,28.714,2022-07-19,2024-10-14
2019,11,QA00048261,1,AUTO,10221,68,3,1,257.732,71.513,329.245,38.379,2.512,2018-01-24,2024-12-09
2020,6,QA00048374,1,AUTO,15323,62,1,0,447.792,118.752,566.544,84.38,52.087,2019-02-16,2023-05-03
2025,12,QA00048428,1,AUTO,14950,1,1,3,1321.42,309.722,1631.142,225.782,147.309,2024-04-27,2022-09-25
2022,6,QR00048552,2,IRDS,27431,31,3,0,389.459,82.346,471.805,32.179,84.977,2022-03-02,2022-08-19
2023,5,QR00048561,2,IRDS,20074,131,2,1,0.0,3.957,3.957,0.379,0.031,2022-01-09,2024-09-04
2024,6,QR00048597,2,IRDS,24492,26,1,0,215.2,44.749,,23.824,58.089,2024-08-16,2023-08-05
2019,1,QA00048821,1,AUTO,2338,25,4,3,1707.972,331.34,2039.312,169.724,115.021,2019-05-28,2022-02-05
2025,3,QA00048868,1,AUTO,19611,107,1,4,532.44,122.935,655.375,73.73,24.21,2024-12-09,2024-03-19
2024,8,QA00048960,1,AUTO,3778,78,2,3,4827.293,1261.755,6089.048,965.265,50.35,2023-07-15,2023-11-02
2023,5,QR00048994,2,IRDS,25737,187,1,1,99.956,11.637,111.593,11.569,13.708,2022-06-15,2023-05-16
2020,2,QA00049065,1,AUTO,8700,137,3,1,202.289,61.735,264.024,40.462,35.229,2019-12-15,2024-03-28
2024,11,QA00049175,1,AUTO,8216,117,4,5,348.881,81.413,430.294,43.403,126.118,2024-10-15,2024-12-25
2025,7,QS00049191,3,SANTE,28036,103,2,3,20480.337,754.23,21234.567,1814.909,3410.38,2024-08-05,2024-01-17
2024,8,QA00049246,1,AUTO,5779,175,1,5,257.412,65.116,322.528,41.394,26.799,2024-07-30,2023-03-18
2024,4,QR00049261,2,IRDS,27822,37,2,3,35.62,11.677,47.297,5.368,13.316,2024-10-24,2022-08-13
2025,7,QA00049402,1,AUTO,1215,33,1,3,1013.496,285.563,1299.059,216.718,240.239,2025-09-19,2023-02-24
2025,5,QR00049528,2,IRDS,22963,90,1,2,31.617,8.075,39.692,4.535,4.069,2024-10-18,2023-05-31
2020,2,QR00049685,2,IRDS,27315,103,3,1,0.0,3.877,3.877,0.267,0.341,2020-03-01,2022-08-06
2023,6,QR00049731,2,IRDS,25214,90,1,5,,5.048,,2.857,7.024,2022-04-22,2023-09-04
2019,7,QA00049804,1,AUTO,685,66,3,0,-121.054,35.811,156.865,22.901,40.841,2018-11-03,2024-07-26
2020,5,QA00049822,1,AUTO,11117,181,1,5,222.801,45.881,268.682,27.146,49.586,2020-03-09,2024-08-08
2020,11,QA00049855,1,AUTO,19278,32,1,3,18369.377,5796.265,24165.642,3078.853,1962.773,2019-10-22,2022-05-25
2021,7,QA00049880,1,AUTO,10935,187,3,1,,121.476,617.204,50.596,100.88,2021-12-08,2022-08-05
2023,5,QR00050144,2,IRDS,25736,76,1,4,0.0,6.623,6.623,0.744,0.924,2023-04-29,2023-04-24
2020,7,QR00050340,2,IRDS,21543,186,1,5,363.142,21.547,384.689,,43.166,2019-03-21,2024-07-24
2020,12,QA00050367,1,AUTO,10616,149,1,5,156.482,51.743,208.225,33.242,0.722,2019-01-20,2023-10-25
2024,1,QA00050435,1,AUTO,2878,81,1,3,544.924,173.524,718.448,107.008,59.907,2023-01-20,2024-12-14
2019,6,QA00050436,1,AUTO,7644,12,3,5,557.316,168.456,725.772,73.679,131.535,2017-12-31,2024-12-18
2021,6,QS00050437,3,SANTE,29168,28,4,3,-24249.6,790.733,25040.333,2335.009,6043.396,2021-10-21,2023-10-13
2019,12,QA00050692,1,AUTO,10637,103,2,2,789.797,230.321,1020.118,181.931,111.802,2018-04-08,2022-03-08
2021,4,QA00050753,1,AUTO,19244,135,2,1,752.59,223.405,975.995,80.829,97.976,2021-06-08,2023-12-24
2020,12,QA00050765,1,AUTO,10796,35,1,1,31312.033,9513.968,40826.001,5855.168,9603.319,2019-10-20,2024-10-17
2025,6,QR00050769,2,IRDS,23854,23,4,2,194.444,34.053,228.497,32.343,7.813,2025-09-11,2023-08-18
2024,2,QA00050800,1,AUTO,1694,72,4,1,8230.776,2028.321,10259.097,1707.831,2205.391,2023-10-30,2023-11-25
2024,7,QA00050836,1,AUTO,14360,53,1,4,238.57,53.147,291.717,51.447,11.749,2023-11-24,2023-02-20
2021,1,QA00050882,1,AUTO,2486,146,1,3,335.91,100.64,436.55,41.296,75.53,2020-02-11,2024-04-06
2025,12,QA00051356,1,AUTO,2147,130,3,0,-123.929,36.204,160.133,15.006,24.254,2023-12-28,2022-07-26
2020,11,QA00051376,1,AUTO,19189,88,3,5,127.45,31.713,159.163,26.416,36.095,2019-11-19,2024-05-17
2022,8,QA00051423,1,AUTO,3255,124,2,0,13971.451,3503.266,,1953.841,1524.6,2022-12-23,2024-06-04
2024,3,QR00051452,2,IRDS,27107,137,2,1,157.333,11.073,168.406,9.439,20.84,2024-09-13,2023-01-15
2020,4,QA00051565,1,AUTO,10653,107,1,3,297.981,47.937,345.918,51.526,71.226,2019-09-30,2023-07-12
2024,7,QA00051617,1,AUTO,17869,149,1,5,457.848,130.082,587.93,53.866,71.605,2024-10-04,2023-12-14
2025,5,QA00051622,1,AUTO,6673,167,1,2,87733.865,186.59,885.129,71.331,50.935,2024/01/04,2022-08-24
2025,3,QA00051703,1,AUTO,5182,187,3,2,7915.508,2109.094,10024.602,1329.601,478.498,2025-06-25,2024-03-14
2020,9,QR00051714,2,IRDS,24138,177,1,0,0.0,7.723,7.723,1.051,2.007,2019-03-12,2024-07-28
2022,9,QR00051753,2,IRDS,27621,110,1,4,262.607,50.292,312.899,16.468,8.958,2022-10-16,2023-01-02
2022,8,QA00051767,1,AUTO,12170,25,1,0,484.274,153.459,637.733,98.487,76.49,2022-02-04,2022-05-07
2025,5,QA00051791,1,AUTO,8993,38,1,0,183.758,63.762,,33.795,11.781,2024-06-24,2022-02-08
2025,4,QR00051941,2,IRDS,23305,192,1,1,150.768,13.743,164.511,14.54,46.769,2024-08-29,2024-06-12
2024,6,QR00051955,2,IRDS,27195,193,1,0,,12.137,88.137,8.842,25.998,2024-08-23,2022-09-17
2025,3,QR00051974,2,IRDS,25146,142,1,4,134.938,16.794,151.732,19.129,39.455,2024-01-01,2024-11-15
2022,12,QS00051977,3,SANTE,29788,138,2,0,43539.291,2082.935,-45622.226,4354.023,2439.22,2021-11-27,2024-02-01
2024,5,QA00051980,1,AUTO,19220,157,2,3,561.372,142.664,704.036,123.349,184.33,2023-07-26,2024-04-11
0,1,QA00052060,1,AUTO,8962,61,3,1,231.536,66.148,297.684,49.411,36.112,2022-10-10,2022-01-10
2021,5,QR00052201,2,IRDS,22233,86,1,5,154.12,15.252,169.372,25.095,35.056,2020-02-03,2024-11-09
2024,5,QR00052247,2,IRDS,23493,138,1,5,108.546,13.358,121.904,,24.151,2023-07-05,2022-11-07
2022,5,QA00052524,1,AUTO,4285,109,2,3,249.724,48.126,297.85,41.361,52.12,2021-03-08,
2024,6,QR00052563,2,IRDS,26527,60,4,5,499.013,155.19,654.203,79.219,74.221,2024-03-26,2022-06-06
2022,7,QA00052854,1,AUTO,9112,177,4,3,64.425,20.436,84.861,6.909,13.202,2021-09-29,2024-08-09
2020,4,QA00052993,1,AUTO,19378,109,3,4,350.63,97.479,448.109,55.099,42.941,2020-02-15,2023-11-12
2020,11,QS00053006,3,SANTE,29947,8,1,2,32814.33,1515.044,34329.374,,1381.549,2019-04-07,2022-07-02
2025,8,QR00053103,2,IRDS,23737,160,1,2,23.908,8.189,32.097,4.702,6.25,2025-01-09,2023-02-12
2021,8,QR00053263,2,IRDS,21962,96,1,0,117.005,13.644,,17.056,20.545,2021/03/05,2023-10-14
2024,12,QA00053297,1,AUTO,16602,15,1,4,-483.758,131.733,615.491,53.293,36.339,2024-05-08,2024-05-10
2023,1,QA00053453,1,AUTO,16834,61,2,2,783.968,216.336,1000.304,90.394,202.603,2023-09-10,2023-01-27
2019,4,QA00053486,1,AUTO,15470,117,3,5,315.467,54.432,369.899,51.247,15.623,2018-06-21,2023-10-24
2020,5,QA00053734,1,AUTO,2200,19,1,2,482.959,85.647,568.606,82.282,142.369,2020-11-12,2022-03-13
2021,7,QR00053979,2,IRDS,21694,58,1,5,102.787,25.124,127.911,16.594,28.159,2021-03-09,2024-10-07
2024,11,QA00053985,1,AUTO,15950,115,3,5,869.053,178.469,1047.522,169.375,56.129,2023-02-27,2023-07-01
2021,5,QA00054099,1,AUTO,11477,189,3,1,114.862,38.262,153.124,22.531,29.263,2020-11-18,2022-06-25
2019,6,QA00054457,1,AUTO,6757,16,1,1,540.896,141.88,682.776,,18.261,2019-05-22,2024-01-28
2022,5,QA00054475,1,AUTO,16785,51,1,4,7305.84,1852.442,9158.282,1404.326,1669.032,2021-08-04,2022-05-07
2021,4,QR00054672,2,IRDS,20798,140,2,2,87.102,10.682,97.784,9.471,8.815,2020-10-12,2022-01-17
2024,7,QA00054761,1,AUTO,7855,53,4,4,244.528,45.314,289.842,36.061,44.715,2023-04-05,2024-02-18
2019,11,QR00054855,2,IRDS,25940,9,2,0,0.0,4.868,4.868,0.483,0.868,2018-10-03,2024-11-23
2025,5,QA00054935,1,AUTO,2468,67,2,2,170.461,45.539,216.0,21.691,45.139,2024-02-23,2022-11-11
2022,6,QA00054978,1,AUTO,13056,130,2,4,77.059,28.08,105.139,12.344,25.721,2021-03-20,2024-01-05
2025,9,QA00055128,1,AUTO,490,184,4,2,369.285,74.639,443.924,74.561,46.162,2024-07-14,2024-08-31
9999,9,QA00055162,1,AUTO,11863,156,1,2,878.633,237.403,1116.036,167.97,287.114,2019-10-08,2024-03-03
2020,3,QA00055236,1,AUTO,17411,72,2,5,887.957,175.948,1063.905,185.634,117.403,2020-11-20,2023-05-06
2022,11,QA00055297,1,AUTO,11681,85,2,4,293.68,88.717,382.397,34.537,83.176,2022-04-08,2022-09-03
2020,2,QR00055353,2,IRDS,26098,135,2,2,93.645,14.943,108.588,11.331,1.145,2020-07-20,2024-10-04
2020,3,QA00055390,1,AUTO,19843,166,1,1,626.675,131.268,757.943,94.08,95.752,2020-06-16,2022-12-12
2025,5,QA00055394,1,AUTO,11978,4,2,0,32794.838,9900.164,,,1885.267,2025-07-17,2024-06-22
2019,9,QR00055478,2,IRDS,25287,79,2,2,274.677,82.879,357.556,49.901,104.949,2018-11-18,2024-02-05
2021,10,QA00055510,1,AUTO,12135,159,3,5,337.223,83.698,420.921,58.078,48.227,2021-10-29,2022-05-20
2023,11,QA00055555,1,AUTO,8388,154,3,4,876.256,124.665,1000.921,137.313,234.668,2023-09-16,2024-10-14
2024,12,QA00055567,1,AUTO,6259,94,1,5,168.791,38.556,207.347,34.137,11.617,2024-10-17,2023-07-22
2019,1,QA00055613,1,AUTO,15549,110,1,5,392.222,110.002,502.224,68.611,150.159,2018-10-23,2024-07-09
2019,8,QA00055696,1,AUTO,13374,103,4,2,638.875,140.83,779.705,89.276,210.793,2019-03-23,2022-02-03
2021,9,QA00055708,1,AUTO,8936,83,2,2,375.987,96.693,472.68,85.031,122.814,2021-04-18,2024-01-24
2019,6,QA00055856,1,AUTO,10770,87,2,5,220.126,47.665,267.791,42.38,58.623,2019-04-19,2022-11-02
2023,11,QR00055942,2,IRDS,25805,121,3,2,63.11,10.005,73.115,6.909,12.954,2023-08-31,2022-06-07
2021,1,QA00055992,1,AUTO,2734,196,2,1,438.332,108.948,547.28,48.631,158.133,2020-05-19,2024-06-08
1900,10,QA00056027,1,AUTO,2399,2,4,3,7489.42,1887.422,9376.842,1060.605,1432.867,2021-04-02,2023-05-06
2020,9,QA00056099,1,AUTO,7169,109,1,4,595.558,145.568,741.126,74.746,88.345,2020-11-20,2023/02/07
2021,8,QR00056196,2,IRDS,21342,165,2,4,0.0,4.811,4.811,0.625,0.011,2020-04-15,2023-01-24
2023,12,QR00056199,2,IRDS,24093,113,2,1,79.854,9.842,89.696,7.075,4.901,2023-02-17,2023-07-26
2025,12,QA00056342,1,AUTO,9918,159,2,5,398.318,81.243,479.561,70.851,48.534,2024-03-25,2022-07-24
2023,2,QS00056424,3,SANTE,29075,150,1,1,97756.596,5691.462,103448.058,,2996.645,2023-05-23,
2021,7,QA00056472,1,AUTO,13536,10,4,1,686.447,157.924,844.371,109.503,217.144,2020-04-06,2024-05-29
2024,6,QA00056483,1,AUTO,18362,181,1,4,282.667,49.143,331.81,52.903,29.557,2023-11-25,2024-01-10
2025,5,QA00056719,1,AUTO,10697,103,1,3,705.966,159.752,865.718,116.696,85.03,2025-02-04,2022-03-14
2025,11,QR00056758,2,IRDS,26718,9,3,3,288.459,93.024,381.483,55.937,56.235,2025-11-07,2024-05-04
2019,3,QA00056886,1,AUTO,4102,92,1,5,186.286,42.653,228.939,32.567,8.074,2019-03-22,2023-08-08
2025,12,QA00056968,1,AUTO,553,197,2,4,1126.934,358.202,1485.136,213.021,159.254,2024-06-30,2023-05-16
2023,3,QR00057008,2,IRDS,23528,174,1,5,220.611,60.306,280.917,38.455,1.144,2022-10-19,2022-07-31
2024,12,QR00057028,2,IRDS,26037,80,3,3,277.265,69.606,,18.889,82.518,,2024-02-17
2019,8,QR00057154,2,IRDS,24403,33,2,2,88.557,33.229,121.786,11.142,31.376,2019-03-28,2024-02-11
2019,4,QA00057229,1,AUTO,11880,47,1,4,435.3,123.508,558.808,69.69,71.167,2018-04-14,2023-03-29
2021,4,QA00057299,1,AUTO,7164,137,1,3,372.436,73.229,445.665,65.484,9.747,2020-09-28,2024-03-08
2019,2,QS00057398,3,SANTE,28442,146,4,0,1303.983,92.954,1396.937,136.673,397.514,2019-08-30,2022-01-09
2024,2,QR00057431,2,IRDS,27386,88,2,2,,43.726,233.484,17.492,13.012,2024-01-21,2024-06-10
2021,2,QS00057443,3,SANTE,28901,86,2,3,10701.075,345.755,11046.83,884.271,3084.881,2019-12-24,2022-01-17
2020,7,QA00057457,1,AUTO,18948,77,1,2,872.991,214.654,1087.645,120.613,233.162,2020-12-10,2022-12-29
2023,6,QA00057478,1,AUTO,12074,144,1,1,475.678,117.605,593.283,98.249,156.953,2022-12-06,2023-11-08
2023,1,QR00057727,2,IRDS,26961,39,1,4,67.89,8.902,76.792,5.845,0.963,2022-04-08,2022-09-02
2024,8,QA00057746,1,AUTO,3577,103,1,5,305.204,104.865,410.069,50.982,21.704,2023-05-02,2022-07-04
2024,12,QA00057756,1,AUTO,15094,45,4,0,265.927,72.967,338.894,58.197,80.165,2024-07-31,2022-07-13
2024,9,QR00057761,2,IRDS,20497,16,3,1,105.779,14.359,120.138,9.325,24.406,2023-10-25,2022-05-30
2021,3,QA00057795,1,AUTO,16660,110,1,3,771.85,241.206,1013.056,,143.42,2020-06-15,2023-12-19
2024,5,QA00057851,1,AUTO,15730,168,1,0,514.127,158.964,673.091,87.754,177.738,2023-04-30,2022-09-15
2020,11,QA00057882,1,AUTO,3846,7,1,2,193.56,47.631,241.191,21.01,48.381,2020-08-14,2023-12-27
2021,4,QA00057916,1,AUTO,11861,109,2,3,686.246,147.389,833.635,117.128,29.237,2021-02-14,2024-05-04
2019,10,QA00057965,1,AUTO,7918,127,3,0,172.592,40.303,212.895,26.234,47.892,2018-01-11,2022-09-06
2022,8,QA00057969,1,AUTO,11813,97,1,5,393.484,109.795,503.279,68.768,33.904,2021-07-27,2022-10-24
2021,5,QS00058132,3,SANTE,28831,38,4,1,21749.191,741.427,22490.618,2200.784,2036.311,2020-08-29,2024-09-05
2025,6,QA00058212,1,AUTO,13201,12,3,4,537.415,136.447,673.862,68.192,101.854,2024-07-25,2023-01-18
2022,4,QR00058237,2,IRDS,26099,134,2,1,180.455,14.997,195.452,10.581,42.886,2021-05-22,
2023,7,QA00058243,1,AUTO,7393,106,1,1,446.071,126.603,572.674,102.876,88.61,2022-03-05,2022-07-16
2022,2,QA00058280,1,AUTO,19805,65,2,5,649.298,86.477,735.775,78.397,34.943,2022-10-25,2022-03-07
2020,7,QA00058309,1,AUTO,9381,96,1,5,239.893,56.475,54241.593041554144,31.113,12.352,2019-03-24,2022-04-20
2021,2,QA00058429,1,AUTO,18793,35,3,1,1072.767,314.29,1387.057,121.563,372.199,2021-06-27,2024-05-03
2020,5,QR00058483,2,IRDS,22171,119,4,3,27.093,11.227,38.32,2.009,10.054,2020-09-06,2024-05-24
2020,12,QA00058559,1,AUTO,7896,34,2,0,364.971,81.595,446.566,62.476,42.197,2019-07-27,2024-11-20
2024,4,QA00058643,1,AUTO,18227,44,4,0,6939.336,48.725,182.854,18.812,54.393,2023-04-08,2022-02-08
2021,1,QA00058685,1,AUTO,15727,54,1,1,745.768,174.689,920.457,128.091,80.889,2021-09-07,2022-08-20
2020,4,QA00058740,1,AUTO,10953,200,4,4,410.761,140.131,550.892,57.854,117.19,2019-03-05,2024-09-12
0,9,QA00058834,1,AUTO,11,47,1,4,652.482,182.48,834.962,144.392,119.783,,2023-09-01
2020,9,QA00058848,1,AUTO,8140,194,1,2,620.022,160.338,780.36,107.812,95.855,2020-01-21,2023-06-15
2019,6,QA00058897,1,AUTO,18864,101,3,5,248.66,50.527,299.187,42.821,1.305,2019-04-20,2024-02-27
2023,2,QA00058956,1,AUTO,14435,97,3,5,353.206,69.01,422.216,55.22,16.047,2022-04-27,2022-06-03
2020,7,QA00059022,1,AUTO,5761,136,3,5,117.847,26.078,143.925,18.236,23.58,2019-09-21,2023-07-16
2023,6,QA00059332,1,AUTO,18236,166,3,3,420.187,106.957,,59.314,23.136,2023-10-22,2024-07-01
2025,7,QA00059364,1,AUTO,374,140,2,2,585.622,163.095,748.717,126.21,71.918,2025-10-07,2022-02-27
2024,8,QA00059506,1,AUTO,9456,149,1,0,387.83,87.806,475.636,56.03,30.544,2024-04-06,2023-10-30
2022,6,QR00059521,2,IRDS,21596,144,1,3,426.276,90.055,,55.404,84.104,2021/05/20,2022-06-05
2019,9,QA00059587,1,AUTO,12750,28,1,4,591.94,185.145,777.085,65.982,119.424,2018-09-27,2022-04-16
2020,6,QR00059836,2,IRDS,20594,157,1,5,107.65,9.082,116.732,10.273,20.638,2019-01-24,2024-06-03
2019,7,QA00059847,1,AUTO,4089,85,1,0,391.474,62.306,453.78,44.945,20.643,2018-03-11,
2024,9,QA00059853,1,AUTO,4658,188,2,0,295.147,86.048,381.195,51.547,30.457,2023-11-27,2022-10-24
2024,2,QA00059883,1,AUTO,6305,148,1,3,159.624,47.357,206.981,25.497,44.524,2023-10-19,2024-04-14
2022,4,QR00059944,2,IRDS,24571,105,2,5,31.873,5.3,37.173,4.167,10.688,2022-01-11,2022/12/10
2022,4,QR00060190,2,IRDS,24437,55,1,2,148.262,17.542,165.804,,8.788,2021-10-01,2024-04-30
2024,10,QA00060207,1,AUTO,15634,5,2,3,567.949,147.351,715.3,64.741,90.212,2024-01-14,2023-04-13
2019,10,QA00060329,1,AUTO,3661,35,2,4,1703.668,540.238,2243.906,266.562,204.201,2019-10-15,2024-03-12
2021,10,QA00060624,1,AUTO,4603,14,1,5,2687.947,585.783,3273.73,455.306,80.252,2020-05-05,2024-06-07
2024,3,QA00060650,1,AUTO,19808,148,1,1,361.477,80.855,,69.877,51.816,2024-02-15,2024-08-31
2019,6,QA00060774,1,AUTO,9515,105,4,4,114.176,23.889,138.065,24.212,34.513,2019-10-13,2024-09-14
2023,8,QA00060871,1,AUTO,13132,101,1,2,-310.596,81.129,391.725,48.426,5.946,2023-11-03,2023-11-14
2023,7,QA00060909,1,AUTO,17770,3,1,3,2955.238,865.247,3820.485,559.441,426.575,2023-11-26,2024-01-27
2025,9,QA00060962,1,AUTO,18891,94,2,0,228.053,64.803,292.856,25.144,53.88,2024-08-18,2023-08-17
2020,2,QA00061068,1,AUTO,17017,26,1,1,516.578,154.147,670.725,101.331,29.82,2020-05-31,2024-11-01
2019,10,QA00061132,1,AUTO,2926,40,4,5,405.703,118.218,523.921,91.291,84.213,2017-12-07,2023-02-14
2020,6,QR00061137,2,IRDS,23763,192,2,4,45.193,5.728,50.921,6.064,13.565,2020-04-22,2024-08-01
2019,8,QR00061147,2,IRDS,23789,130,1,2,579.726,124.366,704.092,55.187,50.887,2018-10-03,2023-11-14
2020,3,QA00061212,1,AUTO,17027,193,2,5,17265.136,5580.178,22845.314,3708.522,6564.206,2019-03-05,2023-06-07
2020,9,QA00061239,1,AUTO,3040,117,1,3,5710.279,1433.415,7143.694,1122.134,981.581,2020-05-30,2022-03-05
2024,12,QA00061280,1,AUTO,17563,68,2,3,320.203,79.01,,68.002,,2023-03-28,2023-01-07
2025,5,QA00061295,1,AUTO,3575,126,1,2,388.754,82.851,471.605,65.675,63.193,2025-04-27,2023-06-15
2023,3,QR00061397,2,IRDS,20491,137,1,5,53.367,12.121,65.488,9.225,7.101,2022-08-28,2024-05-24
2022,3,QA00061458,1,AUTO,1181,199,1,0,326.9,80.156,407.056,63.542,67.683,2022-06-26,2022-11-25
2022,2,QR00061531,2,IRDS,26269,193,2,2,41.766,6.089,47.855,6.489,0.997,2021-08-27,2024-07-09
2022,8,QA00061575,1,AUTO,17029,157,3,3,517.565,123.708,641.273,104.221,162.11,2021-11-25,2022-07-09
2025,8,QA00061586,1,AUTO,14009,49,1,4,481.409,157.162,638.571,94.906,50.638,2024-02-05,2022-12-21
2019,6,QA00061594,1,AUTO,19023,104,2,1,221.686,41.677,263.363,42.405,66.065,2018-05-11,2023-05-10
2019,8,QA00061633,1,AUTO,9267,123,4,2,73739.461,142.319,629.299,92.01,50.102,2019-02-18,
2022,5,QA00061754,1,AUTO,1681,169,1,4,7723.7,2399.145,10122.845,1696.455,2180.273,2022-10-13,2022-11-22
2019,2,QA00061760,1,AUTO,12673,84,4,4,445.84,114.798,560.638,88.564,89.438,2019-02-24,2022-07-16
2024,4,QR00061764,2,IRDS,27399,154,1,2,97.863,11.764,109.627,10.806,1.486,2024-07-15,2022-05-25
2025,9,QA00061793,1,AUTO,1917,128,1,4,609.303,156.678,765.981,116.581,217.729,2024-10-21,2023-12-03
2023,3,QR00061965,2,IRDS,27418,13,1,4,80.523,12.112,92.635,6.397,2.536,2023-03-30,2023-05-29
2024,1,QA00061981,1,AUTO,314,47,1,0,132.097,40.699,172.796,29.068,43.063,2024-07-05,15-07-2022
2024,11,QA00062096,1,AUTO,7684,2,1,0,173.195,41.379,214.574,28.587,12.328,2023-07-07,2022-01-01
2025,12,QA00062154,1,AUTO,9488,140,3,5,1580.303,503.159,2083.462,191.183,127.635,2025-01-06,2023-03-19
2021,12,QA00062165,1,AUTO,13139,13,1,1,101.085,20.999,122.084,20.287,9.006,2020-02-22,2024-05-28
2019,6,QA00062203,1,AUTO,2767,66,1,4,941.908,282.765,,106.587,116.839,2019-02-20,2023-10-26
2023,12,QA00062229,1,AUTO,18633,181,1,0,391.499,89.253,480.752,46.654,103.021,2023-05-27,2023-08-08
2022,3,QA00062338,1,AUTO,7336,42,1,5,155.343,49.845,205.188,32.952,6.565,2022-09-01,2023-09-12
2022,5,QS00062382,3,SANTE,28164,162,1,2,27191.604,1323.308,28514.912,1289.681,1426.691,2022-06-18,2023-03-05
2023,3,QR00062678,2,IRDS,25143,167,2,3,157.154,16.259,173.413,19.035,27.109,2022-06-20,2023-05-19
2020,10,QA00062692,1,AUTO,4861,58,1,2,5155.135,1164.416,6319.551,607.899,35.348,2020-06-21,2024-12-12
2023,5,QA00063089,1,AUTO,6736,28,4,3,903.253,274.881,1178.134,107.316,88.492,2023-02-28,2022-06-26
2024,3,QA00063213,1,AUTO,12764,9,1,5,430.856,86.476,517.332,81.772,53.452,2024-06-26,2024-10-19
2025,2,QA00063224,1,AUTO,4117,130,1,5,83711.73582941914,191.622,908.137,142.322,211.647,2025-05-14,2023-06-08
2024,3,QR00063299,2,IRDS,26455,199,3,2,0.0,9.835,9.835,0.602,0.794,2023-07-01,2024-08-16
2020,2,QR00063377,2,IRDS,24481,143,1,4,50.807,24.044,74.851,7.825,8.014,2018-12-23,2022-08-16
0,6,QR00063611,2,IRDS,20872,108,1,1,153.829,17.105,170.934,22.683,28.736,2018-02-08,2022-03-03
2023,2,QR00063640,2,IRDS,23314,135,4,3,219.063,40.615,259.678,26.876,68.356,2023-08-14,2023-04-18
2019,5,QA00063675,1,AUTO,9460,49,1,3,273.321,65.054,338.375,32.477,98.161,2018-10-15,
1900,1,QA00063680,1,AUTO,15975,7,1,1,118.335,28.836,147.171,14.988,21.151,2022-04-10,2022-12-02
2019,1,QA00063727,1,AUTO,4968,84,1,0,455.292,96.598,551.89,91.35,26.106,2018-02-01,2024-04-25
2021,12,QA00063886,1,AUTO,1516,151,1,0,235.605,64.722,300.327,41.87,3.537,2020-09-21,2022-05-23
2020,4,QA00064010,1,AUTO,762,124,3,0,286.083,64.882,350.965,43.881,13.991,2019-06-29,2022-03-01
2022,10,QA00064205,1,AUTO,13275,178,1,4,432.951,84.184,517.135,91.853,39.406,2022-07-15,2023-03-31
2024,1,QA00064278,1,AUTO,4945,46,1,3,837.692,178.132,1015.824,143.119,217.352,2023-07-08,2024-05-23
2023,2,QR00064312,2,IRDS,22497,53,1,2,451.561,138.503,590.064,66.958,78.885,2022-08-04,2023-05-05
2020,1,QR00064318,2,IRDS,25785,162,4,0,127.734,49.659,177.393,9.337,51.987,2020-03-25,2022-07-09
2023,10,QR00064319,2,IRDS,25455,189,2,4,467.36,133.673,601.033,80.984,151.602,2022-02-13,2022-07-26
2025,8,QR00064397,2,IRDS,26328,74,1,3,96.582,35.744,132.326,13.253,31.744,2025-04-02,2022-12-27
2023,5,QA00064461,1,AUTO,16943,154,1,1,13977.78,2990.767,16968.547,2252.706,3884.009,2023-02-11,2023-07-30
1900,5,QR00064523,2,IRDS,27996,14,1,5,0.0,7.224,7.224,0.935,0.663,2021-06-08,2023-08-09
2024,12,QA00064528,1,AUTO,15443,154,1,5,92.383,25.87,118.253,19.186,16.289,2023-01-07,2022-03-06
2024,2,QA00064530,1,AUTO,7904,181,3,2,715.839,178.802,894.641,119.755,47.29,2022-12-30,2022-09-30
2023,8,QR00064702,2,IRDS,26966,162,2,3,414.805,125.042,539.847,28.088,46.315,2023-01-19,2022-11-05
2021,1,QR00064788,2,IRDS,22240,134,3,0,49.708,7.764,57.472,5.002,7.199,2020-12-21,2022-08-17
2022,9,QA00064914,1,AUTO,9965,100,2,3,745.725,145.032,890.757,144.58,148.598,2021-12-30,2023-10-18
